Workbook

Sheet spplist
A1: modnum | B1: modname | C1: species | D1: query | E1: og_name | F1: sedar_spabb | G1: class | H1: order | I1: family | J1: genus | K1: FBname | L1: M | M1: QB | N1: Lmax | O1: TL | P1: Vul | Q1: AR | R1: NearOff | S1: DemPel | T1: ReefSurv | U1: fish | V1: benthcrust | W1: detritus | X1: plants | Y1: cephalopods | Z1: cnidarians | AA1: otherinverts | AB1: zooplankton | AC1: softbottom | AD1: hardbottom | AE1: veg | AF1: coral | AG1: smp.tr | AH1: smp.bl | AI1: smp.vl | AJ1: nmfs.bll | AK1: fwc.vid | AL1: fwc.ins | AM1: fwc.bfc | AN1: rov | AO1: mrip | AP1: hb | AQ1: com | AR1: modnum_mice | AS1: modname_mice
A2: 4 | B2: =VLOOKUP(A2,'model groups'!$A$3:$C$86,2,FALSE) -> pelagic sharks | C2: Carcharhinus plumbeus | D2: CARCHARHINUS PLUMBEUS | E2: CARCHARHINUS PLUMBEUS | G2: Chondrichthyes | H2: Carcharhiniformes | I2: Carcharhinidae | J2: Carcharhinus | K2: Sandbar shark | L2: 0.1575 | M2: 3.5002132 | N2: 183.40606 | O2: 4.34 | P2: 87.51 | Q2: 3.178275 | R2: nearshore | S2: pelagic | T2: =IF(OR(AK2=1,AN2=1),"reef","no") -> reef | U2: 0.85768577 | V2: 0.084341765 | W2: 0.0055005502 | X2: 0.00033336668 | Y2: 0.046771345 | Z2: 0 | AA2: 0.0039670634 | AB2: 0.00140014 | AC2: 1 | AD2: 0 | AE2: 0 | AF2: 1 | AG2: 0 | AH2: 1 | AI2: 0 | AJ2: 1 | AK2: 0 | AL2: 0 | AM2: 0 | AN2: 1 | AO2: 0 | AP2: 0 | AQ2: 1 | AR2: 1 | AS2: sharks
A3: 4 | B3: =VLOOKUP(A3,'model groups'!$A$3:$C$86,2,FALSE) -> pelagic sharks | C3: Galeocerdo cuvier | D3: GALEOCERDO CUVIER | E3: GALEOCERDO CUVIER | G3: Chondrichthyes | H3: Carcharhiniformes | I3: Carcharhinidae | J3: Galeocerdo | K3: Tiger shark | L3: 0.16071429 | M3: 1.0339962 | N3: 747.04676 | O3: 4.53 | P3: 63.83 | Q3: 1.385944 | R3: nearshore | S3: pelagic | T3: =IF(OR(AK3=1,AN3=1),"reef","no") -> no | U3: 0.87132141 | V3: 0.070398152 | W3: 0.024235429 | X3: 0 | Y3: 0.027697635 | Z3: 0 | AA3: 0.0063473747 | AB3: 0 | AC3: 0 | AD3: 0 | AE3: 0 | AF3: 1 | AG3: 0 | AH3: 1 | AI3: 0 | AJ3: 0 | AK3: 0 | AL3: 0 | AM3: 0 | AN3: 0 | AO3: 0 | AP3: 0 | AQ3: 1 | AR3: 1 | AS3: sharks
A4: 4 | B4: =VLOOKUP(A4,'model groups'!$A$3:$C$86,2,FALSE) -> pelagic sharks | C4: Galeocerdo cuvier | D4: GALEOCERDO CUVIERI | E4: GALEOCERDO CUVIERI | G4: Chondrichthyes | H4: Carcharhiniformes | I4: Carcharhinidae | J4: Galeocerdo | K4: Tiger shark | L4: 0.16071429 | M4: 1.0339962 | N4: 747.04676 | O4: 4.53 | P4: 63.83 | Q4: 1.385944 | R4: nearshore | S4: pelagic | T4: =IF(OR(AK4=1,AN4=1),"reef","no") -> no | U4: 0.87132141 | V4: 0.070398152 | W4: 0.024235429 | X4: 0 | Y4: 0.027697635 | Z4: 0 | AA4: 0.0063473747 | AB4: 0 | AC4: 0 | AD4: 0 | AE4: 0 | AF4: 1 | AG4: 0 | AH4: 0 | AI4: 0 | AJ4: 1 | AK4: 0 | AL4: 0 | AM4: 0 | AN4: 0 | AO4: 0 | AP4: 0 | AQ4: 0 | AR4: 1 | AS4: sharks
A5: 4 | B5: =VLOOKUP(A5,'model groups'!$A$3:$C$86,2,FALSE) -> pelagic sharks | C5: Sphyrna lewini | D5: SPHYRNA LEWINI | E5: SPHYRNA LEWINI | G5: Chondrichthyes | H5: Carcharhiniformes | I5: Sphyrnidae | J5: Sphyrna | K5: Scalloped hammerhead | L5: 0.19644867 | M5: 1.8266731 | N5: 432.11198 | O5: 4.0966667 | P5: 81.26 | Q5: 1.80809 | R5: nearshore | S5: pelagic | T5: =IF(OR(AK5=1,AN5=1),"reef","no") -> no | U5: 0.75723237 | V5: 0.18977469 | W5: 0 | X5: 0.00099986671 | Y5: 0.051659778 | Z5: 0 | AA5: 0.0003332889 | AB5: 0 | AC5: 0 | AD5: 0 | AE5: 0 | AF5: 1 | AG5: 0 | AH5: 1 | AI5: 0 | AJ5: 1 | AK5: 0 | AL5: 0 | AM5: 0 | AN5: 0 | AO5: 0 | AP5: 0 | AQ5: 1 | AR5: 1 | AS5: sharks
A6: 4 | B6: =VLOOKUP(A6,'model groups'!$A$3:$C$86,2,FALSE) -> pelagic sharks | C6: Sphyrna mokarran | D6: SPHYRNA MOKARRAN | E6: SPHYRNA MOKARRAN | G6: Chondrichthyes | H6: Carcharhiniformes | I6: Sphyrnidae | J6: Sphyrna | K6: Great hammerhead | L6: 0.15 | M6: 1.7045037 | N6: 609.59738 | O6: 4.3266667 | P6: 86.03 | Q6: 1.85353 | R6: nearshore | S6: pelagic | T6: =IF(OR(AK6=1,AN6=1),"reef","no") -> no | U6: 0.853 | V6: 0.112 | W6: 0 | X6: 0.002 | Y6: 0.033 | Z6: 0 | AA6: 0 | AB6: 0 | AC6: 0 | AD6: 0 | AE6: 0 | AF6: 0 | AG6: 0 | AH6: 1 | AI6: 0 | AJ6: 1 | AK6: 0 | AL6: 0 | AM6: 0 | AN6: 0 | AO6: 0 | AP6: 0 | AQ6: 1 | AR6: 1 | AS6: sharks
A7: 4 | B7: =VLOOKUP(A7,'model groups'!$A$3:$C$86,2,FALSE) -> pelagic sharks | C7: Mustelus sinusmexicanus | D7: MUSTELUS SINUSMEXICANUS | E7: MUSTELUS SINUSMEXICANUS | G7: Chondrichthyes | H7: Carcharhiniformes | I7: Triakidae | J7: Mustelus | K7: Gulf smoothhound | L7: 0.4859777 | M7: 5.0075481 | N7: 85.617935 | O7: 3.755 | P7: 63.38 | Q7: 1.0128385 | R7: offshore | S7: pelagic | T7: =IF(OR(AK7=1,AN7=1),"reef","no") -> no | U7: 0.10079856 | V7: 0.77477465 | W7: 0.012256968 | X7: 0 | Y7: 0.015142641 | Z7: 0 | AA7: 0.095912915 | AB7: 0.0011142697 | AC7: 1 | AD7: 0 | AE7: 0 | AF7: 0 | AG7: 0 | AH7: 0 | AI7: 0 | AJ7: 1 | AK7: 0 | AL7: 0 | AM7: 0 | AN7: 0 | AO7: 0 | AP7: 0 | AQ7: 0 | AR7: 1 | AS7: sharks
A8: 5 | B8: =VLOOKUP(A8,'model groups'!$A$3:$C$86,2,FALSE) -> large demersal sharks | D8: CHONDRICHTHYES | E8: CHONDRICHTHYES | G8: Chondrichthyes | K8: SHARKS | AG8: 0 | AH8: 0 | AI8: 0 | AJ8: 0 | AK8: 0 | AL8: 0 | AM8: 0 | AN8: 0 | AO8: 0 | AP8: 0 | AQ8: 1 | AR8: 1 | AS8: sharks
A9: 5 | B9: =VLOOKUP(A9,'model groups'!$A$3:$C$86,2,FALSE) -> large demersal sharks | C9: Carcharhinus acronotus | D9: CARCHARHINUS ACRONOTUS | E9: CARCHARHINUS ACRONOTUS | G9: Chondrichthyes | H9: Carcharhiniformes | I9: Carcharhinidae | J9: Carcharhinus | K9: Blacknose shark | L9: 0.73346285 | M9: 3.6548582 | N9: 103.6 | O9: 4.3233333 | P9: 69.76 | Q9: 1.82749 | R9: offshore | S9: reef-associated | T9: =IF(OR(AK9=1,AN9=1),"reef","no") -> no | U9: 0.982 | V9: 0.012000001 | W9: 0 | X9: 0 | Y9: 0 | Z9: 0 | AA9: 0.0060000004 | AB9: 0 | AC9: 0 | AD9: 0 | AE9: 0 | AF9: 0 | AG9: 0 | AH9: 1 | AI9: 0 | AJ9: 1 | AK9: 0 | AL9: 0 | AM9: 1 | AN9: 0 | AO9: 0 | AP9: 0 | AQ9: 1 | AR9: 1 | AS9: sharks
A10: 5 | B10: =VLOOKUP(A10,'model groups'!$A$3:$C$86,2,FALSE) -> large demersal sharks | C10: Carcharhinus brevipinna | D10: CARCHARHINUS BREVIPINNA | E10: CARCHARHINUS BREVIPINNA | G10: Chondrichthyes | H10: Carcharhiniformes | I10: Carcharhinidae | J10: Carcharhinus | K10: Spinner shark | L10: 0.34652701 | M10: 6.319572 | N10: 214 | O10: 4.28 | P10: 62.25 | Q10: 5.87939 | R10: offshore | S10: reef-associated | T10: =IF(OR(AK10=1,AN10=1),"reef","no") -> no | U10: 0.911 | V10: 0.02 | W10: 0 | X10: 0.01 | Y10: 0.059000002 | Z10: 0 | AA10: 0 | AB10: 0 | AC10: 0 | AD10: 0 | AE10: 0 | AF10: 0 | AG10: 0 | AH10: 1 | AI10: 0 | AJ10: 1 | AK10: 0 | AL10: 0 | AM10: 0 | AN10: 0 | AO10: 0 | AP10: 0 | AQ10: 1 | AR10: 1 | AS10: sharks
A11: 5 | B11: =VLOOKUP(A11,'model groups'!$A$3:$C$86,2,FALSE) -> large demersal sharks | C11: Carcharhinus falciformis | D11: CARCHARHINUS FALCIFORMIS | E11: CARCHARHINUS FALCIFORMIS | G11: Chondrichthyes | H11: Carcharhiniformes | I11: Carcharhinidae | J11: Carcharhinus | K11: Silky shark | L11: 0.25935608 | M11: 2.0817524 | N11: 352.87213 | O11: 4.4766667 | P11: 79.03 | Q11: 2.02629 | R11: offshore | S11: reef-associated | T11: =IF(OR(AK11=1,AN11=1),"reef","no") -> no | U11: 0.607 | V11: 0.017 | W11: 0.050999998 | X11: 0 | Y11: 0.3095 | Z11: 0 | AA11: 0.015499999 | AB11: 0 | AC11: 0 | AD11: 0 | AE11: 0 | AF11: 0 | AG11: 0 | AH11: 0 | AI11: 0 | AJ11: 1 | AK11: 0 | AL11: 0 | AM11: 0 | AN11: 0 | AO11: 0 | AP11: 0 | AQ11: 1 | AR11: 1 | AS11: sharks
A12: 5 | B12: =VLOOKUP(A12,'model groups'!$A$3:$C$86,2,FALSE) -> large demersal sharks | C12: Carcharhinus leucas | D12: CARCHARHINUS LEUCAS | E12: CARCHARHINUS LEUCAS | G12: Chondrichthyes | H12: Carcharhiniformes | I12: Carcharhinidae | J12: Carcharhinus | K12: Bull shark | L12: 0.21678143 | M12: 2.3837994 | N12: 362.79166 | O12: 4.2866667 | P12: 87.54 | Q12: 1.44355 | R12: nearshore | S12: reef-associated | T12: =IF(OR(AK12=1,AN12=1),"reef","no") -> no | U12: 0.9231579 | V12: 0.02736842 | W12: 0 | X12: 0.042105263 | Y12: 0.0052631579 | Z12: 0 | AA12: 0.0021052632 | AB12: 0 | AC12: 0 | AD12: 0 | AE12: 0 | AF12: 0 | AG12: 0 | AH12: 1 | AI12: 0 | AJ12: 1 | AK12: 0 | AL12: 0 | AM12: 0 | AN12: 0 | AO12: 0 | AP12: 0 | AQ12: 1 | AR12: 1 | AS12: sharks
A13: 5 | B13: =VLOOKUP(A13,'model groups'!$A$3:$C$86,2,FALSE) -> large demersal sharks | C13: Carcharhinus limbatus | D13: CARCHARHINUS LIMBATUS | E13: CARCHARHINUS LIMBATUS | G13: Chondrichthyes | H13: Carcharhiniformes | I13: Carcharhinidae | J13: Carcharhinus | K13: Blacktip shark | L13: 0.43089197 | M13: 3.5664409 | N13: 176 | O13: 4.3266667 | P13: 55.45 | Q13: 2.000455 | R13: nearshore | S13: reef-associated | T13: =IF(OR(AK13=1,AN13=1),"reef","no") -> reef | U13: 0.95108422 | V13: 0.01260716 | W13: 0 | X13: 0.00050428643 | Y13: 0.034291477 | Z13: 0 | AA13: 0.0015128593 | AB13: 0 | AC13: 0 | AD13: 0 | AE13: 0 | AF13: 0 | AG13: 0 | AH13: 1 | AI13: 0 | AJ13: 1 | AK13: 0 | AL13: 0 | AM13: 0 | AN13: 1 | AO13: 0 | AP13: 0 | AQ13: 1 | AR13: 1 | AS13: sharks
A14: 5 | B14: =VLOOKUP(A14,'model groups'!$A$3:$C$86,2,FALSE) -> large demersal sharks | D14: CARCHARHINUS | E14: CARCHARHINUS | G14: Chondrichthyes | H14: Carcharhiniformes | I14: Carcharhinidae | J14: Carcharhinus | T14: =IF(OR(AK14=1,AN14=1),"reef","no") -> no | AG14: 0 | AH14: 0 | AI14: 0 | AJ14: 0 | AK14: 0 | AL14: 0 | AM14: 0 | AN14: 0 | AO14: 1 | AP14: 0 | AQ14: 0 | AR14: 1 | AS14: sharks
A15: 5 | B15: =VLOOKUP(A15,'model groups'!$A$3:$C$86,2,FALSE) -> large demersal sharks | D15: CARCHARHINUS | E15: CARCHARHINUS SP. | G15: Chondrichthyes | H15: Carcharhiniformes | I15: Carcharhinidae | J15: Carcharhinus | T15: =IF(OR(AK15=1,AN15=1),"reef","no") -> reef | AG15: 0 | AH15: 0 | AI15: 0 | AJ15: 0 | AK15: 0 | AL15: 0 | AM15: 0 | AN15: 1 | AO15: 0 | AP15: 0 | AQ15: 0 | AR15: 1 | AS15: sharks
A16: 5 | B16: =VLOOKUP(A16,'model groups'!$A$3:$C$86,2,FALSE) -> large demersal sharks | D16: NEGAPRION BREVIROSTRIS | E16: NEGAPRION BREVIROSTRIS | G16: Chondrichthyes | H16: Carcharhiniformes | I16: Carcharhinidae | J16: Negaprion | K16: Negaprion brevirostris | AR16: 1 | AS16: sharks
A17: 5 | B17: =VLOOKUP(A17,'model groups'!$A$3:$C$86,2,FALSE) -> large demersal sharks | D17: CARCHARHINIDAE | E17: CARCHARHINIDAE | G17: Chondrichthyes | H17: Carcharhiniformes | I17: Carcharhinidae | T17: =IF(OR(AK17=1,AN17=1),"reef","no") -> no | AG17: 0 | AH17: 0 | AI17: 0 | AJ17: 0 | AK17: 0 | AL17: 0 | AM17: 0 | AN17: 0 | AO17: 1 | AP17: 0 | AQ17: 0 | AR17: 1 | AS17: sharks
A18: 5 | B18: =VLOOKUP(A18,'model groups'!$A$3:$C$86,2,FALSE) -> large demersal sharks | C18: Ginglymostoma cirratum | D18: GINGLYMOSTOMA CIRRATUM | E18: GINGLYMOSTOMA CIRRATUM | G18: Chondrichthyes | H18: Orectolobiformes | I18: Ginglymostomatidae | J18: Ginglymostoma | K18: Nurse shark | L18: 0.14401438 | N18: 432.11198 | O18: 4.0733333 | P18: 81.38 | R18: nearshore | S18: reef-associated | T18: =IF(OR(AK18=1,AN18=1),"reef","no") -> no | U18: 0.38 | V18: 0.18533333 | W18: 0 | X18: 0 | Y18: 0.138 | Z18: 0 | AA18: 0.29666667 | AB18: 0 | AC18: 1 | AD18: 0 | AE18: 0 | AF18: 1 | AG18: 0 | AH18: 1 | AI18: 0 | AJ18: 1 | AK18: 0 | AL18: 0 | AM18: 0 | AN18: 0 | AO18: 0 | AP18: 0 | AQ18: 0 | AR18: 1 | AS18: sharks
A19: 6 | B19: =VLOOKUP(A19,'model groups'!$A$3:$C$86,2,FALSE) -> small sharks and rays | D19: RAJIFORMES | E19: RAJIFORMES | G19: Chondrichthyes | H19: Rajiformes | K19: RAYS | AG19: 0 | AH19: 0 | AI19: 0 | AJ19: 0 | AK19: 0 | AL19: 0 | AM19: 0 | AN19: 0 | AO19: 0 | AP19: 0 | AQ19: 1 | AR19: 0 | AS19: omitted
A20: 6 | B20: =VLOOKUP(A20,'model groups'!$A$3:$C$86,2,FALSE) -> small sharks and rays | C20: Carcharhinus isodon | D20: CARCHARHINUS ISODON | E20: CARCHARHINUS ISODON | G20: Chondrichthyes | H20: Carcharhiniformes | I20: Carcharhinidae | J20: Carcharhinus | K20: Finetooth shark | L20: 0.55900621 | M20: 3.0532243 | N20: 193.42893 | O20: 4.25 | P20: 60.19 | Q20: 2.56489 | R20: offshore | S20: demersal | T20: =IF(OR(AK20=1,AN20=1),"reef","no") -> no | U20: 0.959 | V20: 0 | W20: 0 | X20: 0 | Y20: 0 | Z20: 0 | AA20: 0.040999998 | AB20: 0 | AC20: 0 | AD20: 0 | AE20: 0 | AF20: 0 | AG20: 0 | AH20: 1 | AI20: 0 | AJ20: 0 | AK20: 0 | AL20: 0 | AM20: 0 | AN20: 0 | AO20: 0 | AP20: 0 | AQ20: 1 | AR20: 0 | AS20: omitted
A21: 6 | B21: =VLOOKUP(A21,'model groups'!$A$3:$C$86,2,FALSE) -> small sharks and rays | C21: Rhizoprionodon terraenovae | D21: RHIZOPRIONODON TERRAENOVAE | E21: RHIZOPRIONODON TERRAENOVAE | G21: Chondrichthyes | H21: Carcharhiniformes | I21: Carcharhinidae | J21: Rhizoprionodon | K21: Atlantic sharpnose shark | L21: 0.55921967 | M21: 4.5484854 | N21: 112.96256 | O21: 4.3033333 | P21: 45.96 | Q21: 1.55083 | R21: nearshore | S21: demersal | T21: =IF(OR(AK21=1,AN21=1),"reef","no") -> no | U21: 0.765 | V21: 0.162 | W21: 0.027 | X21: 0 | Y21: 0.017 | Z21: 0 | AA21: 0.029 | AB21: 0 | AC21: 0 | AD21: 0 | AE21: 0 | AF21: 0 | AG21: 0 | AH21: 1 | AI21: 1 | AJ21: 1 | AK21: 0 | AL21: 0 | AM21: 1 | AN21: 0 | AO21: 0 | AP21: 0 | AQ21: 1 | AR21: 0 | AS21: omitted
A22: 6 | B22: =VLOOKUP(A22,'model groups'!$A$3:$C$86,2,FALSE) -> small sharks and rays | D22: BATHYTOSHIA CENTROURA | E22: BATHYTOSHIA CENTROURA | G22: Chondrichthyes | H22: Myliobatiformes | I22: Dasyatidae | J22: Bathytoshia | K22: Bathytoshia centroura | AR22: 0 | AS22: omitted
A23: 6 | B23: =VLOOKUP(A23,'model groups'!$A$3:$C$86,2,FALSE) -> small sharks and rays | C23: Dasyatis americana | D23: DASYATIS AMERICANA | E23: DASYATIS AMERICANA | G23: Chondrichthyes | H23: Myliobatiformes | I23: Dasyatidae | J23: Dasyatis | K23: Southern stingray | L23: 0.16170357 | N23: 203.44341 | O23: 3.57 | P23: 76.83 | R23: nearshore | S23: reef-associated | T23: =IF(OR(AK23=1,AN23=1),"reef","no") -> reef | U23: 0.12719682 | V23: 0.62235944 | W23: 0.049548761 | X23: 0.00099997502 | Y23: 0 | Z23: 0 | AA23: 0.19989501 | AB23: 0 | AC23: 1 | AD23: 0 | AE23: 1 | AF23: 0 | AG23: 0 | AH23: 1 | AI23: 0 | AJ23: 0 | AK23: 0 | AL23: 0 | AM23: 1 | AN23: 1 | AO23: 0 | AP23: 0 | AQ23: 0 | AR23: 0 | AS23: omitted
A24: 6 | B24: =VLOOKUP(A24,'model groups'!$A$3:$C$86,2,FALSE) -> small sharks and rays | C24: Dasyatis centroura | D24: DASYATIS CENTROURA | E24: DASYATIS CENTROURA | G24: Chondrichthyes | H24: Myliobatiformes | I24: Dasyatidae | J24: Dasyatis | K24: Roughtail stingray | L24: 0.1934494 | N24: 303.20407 | O24: 3.7933333 | P24: 80.94 | R24: nearshore | S24: demersal | T24: =IF(OR(AK24=1,AN24=1),"reef","no") -> no | U24: 0.31100001 | V24: 0.68799999 | W24: 0.001 | X24: 0 | Y24: 0 | Z24: 0 | AA24: 0 | AB24: 0 | AC24: 0 | AD24: 0 | AE24: 0 | AF24: 0 | AG24: 0 | AH24: 0 | AI24: 0 | AJ24: 0 | AK24: 0 | AL24: 0 | AM24: 1 | AN24: 0 | AO24: 0 | AP24: 0 | AQ24: 0 | AR24: 0 | AS24: omitted
A25: 6 | B25: =VLOOKUP(A25,'model groups'!$A$3:$C$86,2,FALSE) -> small sharks and rays | C25: Dasyatis sabina | D25: DASYATIS SABINA | E25: DASYATIS SABINA | G25: Chondrichthyes | H25: Myliobatiformes | I25: Dasyatidae | J25: Dasyatis | K25: Atlantic stingray | L25: 0.48826282 | N25: 126.5 | O25: 3.45 | P25: 76.13 | R25: nearshore | S25: demersal | T25: =IF(OR(AK25=1,AN25=1),"reef","no") -> reef | U25: 0.081079503 | V25: 0.44016136 | W25: 0.2496562 | X25: 0.00033338612 | Y25: 0.0029004592 | Z25: 0 | AA25: 0.22273527 | AB25: 0.0031338295 | AC25: 0 | AD25: 0 | AE25: 0 | AF25: 0 | AG25: 0 | AH25: 1 | AI25: 0 | AJ25: 0 | AK25: 0 | AL25: 1 | AM25: 0 | AN25: 1 | AO25: 0 | AP25: 0 | AQ25: 0 | AR25: 0 | AS25: omitted
A26: 6 | B26: =VLOOKUP(A26,'model groups'!$A$3:$C$86,2,FALSE) -> small sharks and rays | D26: HYPANUS SAY | E26: HYPANUS SAY | G26: Chondrichthyes | H26: Myliobatiformes | I26: Dasyatidae | J26: Dasyatis | K26: Dasyatis say | AR26: 0 | AS26: omitted
A27: 6 | B27: =VLOOKUP(A27,'model groups'!$A$3:$C$86,2,FALSE) -> small sharks and rays | C27: Dasyatis say | D27: DASYATIS SAY | E27: DASYATIS SAY | G27: Chondrichthyes | H27: Myliobatiformes | I27: Dasyatidae | J27: Dasyatis | AR27: 0 | AS27: omitted
A28: 6 | B28: =VLOOKUP(A28,'model groups'!$A$3:$C$86,2,FALSE) -> small sharks and rays | D28: HYPANUS AMERICANUS | E28: HYPANUS AMERICANUS | G28: Chondrichthyes | H28: Myliobatiformes | I28: Dasyatidae | J28: Hypanus | K28: Hypanus americanus | AR28: 0 | AS28: omitted
A29: 6 | B29: =VLOOKUP(A29,'model groups'!$A$3:$C$86,2,FALSE) -> small sharks and rays | D29: HYPANUS SABINUS | E29: HYPANUS SABINUS | G29: Chondrichthyes | H29: Myliobatiformes | I29: Dasyatidae | J29: Hypanus | K29: Hypanus sabinus | AR29: 0 | AS29: omitted
A30: 6 | B30: =VLOOKUP(A30,'model groups'!$A$3:$C$86,2,FALSE) -> small sharks and rays | C30: Gymnura micrura | D30: GYMNURA MICRURA | E30: GYMNURA MICRURA | G30: Chondrichthyes | H30: Myliobatiformes | I30: Gymnuridae | J30: Gymnura | K30: Smooth butterfly ray | L30: 0.35368684 | N30: 140.19958 | O30: 3.56 | P30: 49.54 | R30: nearshore | S30: demersal | T30: =IF(OR(AK30=1,AN30=1),"reef","no") -> no | U30: 0.069000002 | V30: 0 | W30: 0.931 | X30: 0 | Y30: 0 | Z30: 0 | AA30: 0 | AB30: 0 | AC30: 1 | AD30: 0 | AE30: 0 | AF30: 0 | AG30: 0 | AH30: 0 | AI30: 0 | AJ30: 0 | AK30: 0 | AL30: 0 | AM30: 1 | AN30: 0 | AO30: 0 | AP30: 0 | AQ30: 0 | AR30: 0 | AS30: omitted
A31: 6 | B31: =VLOOKUP(A31,'model groups'!$A$3:$C$86,2,FALSE) -> small sharks and rays | D31: GYMNURA LESSAE | E31: GYMNURA LESSAE | G31: Chondrichthyes | H31: Myliobatiformes | I31: Gymnuridae | J31: Gymnura | K31: Gymnura lessae | AR31: 0 | AS31: omitted
A32: 6 | B32: =VLOOKUP(A32,'model groups'!$A$3:$C$86,2,FALSE) -> small sharks and rays | C32: Aetobatus narinari | D32: AETOBATUS NARINARI | E32: AETOBATUS NARINARI | G32: Chondrichthyes | H32: Myliobatiformes | I32: Myliobatidae | J32: Aetobatus | AR32: 0 | AS32: omitted
A33: 6 | B33: =VLOOKUP(A33,'model groups'!$A$3:$C$86,2,FALSE) -> small sharks and rays | C33: Myliobatis freminvillii | D33: MYLIOBATIS FREMINVILLII | E33: MYLIOBATIS FREMINVILLII | G33: Chondrichthyes | H33: Myliobatiformes | I33: Myliobatidae | J33: Myliobatis | T33: =IF(OR(AK33=1,AN33=1),"reef","no") -> no | AG33: 0 | AH33: 1 | AI33: 0 | AJ33: 0 | AK33: 0 | AL33: 0 | AM33: 0 | AN33: 0 | AO33: 0 | AP33: 0 | AQ33: 0 | AR33: 0 | AS33: omitted
A34: 6 | B34: =VLOOKUP(A34,'model groups'!$A$3:$C$86,2,FALSE) -> small sharks and rays | C34: Myliobatis freminvillei | D34: MYLIOBATIS FREMINVILLEI | E34: MYLIOBATIS FREMINVILLEI | G34: Chondrichthyes | H34: Myliobatiformes | I34: Myliobatidae | J34: Myliobatis | AR34: 0 | AS34: omitted
A35: 6 | B35: =VLOOKUP(A35,'model groups'!$A$3:$C$86,2,FALSE) -> small sharks and rays | D35: RHINOPTERA BONASUS | E35: RHINOPTERA BONASUS | G35: Chondrichthyes | H35: Myliobatiformes | I35: Myliobatidae | J35: Rhinoptera | K35: Rhinoptera bonasus | AR35: 0 | AS35: omitted
A36: 6 | B36: =VLOOKUP(A36,'model groups'!$A$3:$C$86,2,FALSE) -> small sharks and rays | C36: Raja eglanteria | D36: RAJA EGLANTERIA | E36: RAJA EGLANTERIA | G36: Chondrichthyes | H36: Rajiformes | I36: Rajidae | J36: Raja | K36: Clearnose skate | L36: 0.48230137 | N36: 86.632978 | O36: 3.7133333 | P36: 50.9 | R36: nearshore | S36: demersal | T36: =IF(OR(AK36=1,AN36=1),"reef","no") -> no | U36: 0.23757143 | V36: 0.55242857 | W36: 0.15542857 | X36: 0 | Y36: 0 | Z36: 0 | AA36: 0.024857143 | AB36: 0.029714287 | AC36: 0 | AD36: 0 | AE36: 0 | AF36: 0 | AG36: 1 | AH36: 0 | AI36: 0 | AJ36: 0 | AK36: 0 | AL36: 0 | AM36: 1 | AN36: 0 | AO36: 0 | AP36: 0 | AQ36: 0 | AR36: 0 | AS36: omitted
A37: 6 | B37: =VLOOKUP(A37,'model groups'!$A$3:$C$86,2,FALSE) -> small sharks and rays | C37: Raja texana | D37: RAJA TEXANA | E37: RAJA TEXANA | G37: Chondrichthyes | H37: Rajiformes | I37: Rajidae | J37: Raja | K37: Roundel skate | L37: 0.64585018 | N37: 55.063002 | O37: 3.84 | P37: 46.56 | R37: offshore | S37: demersal | T37: =IF(OR(AK37=1,AN37=1),"reef","no") -> no | U37: 0.23757143 | V37: 0.55242857 | W37: 0.15542857 | X37: 0 | Y37: 0 | Z37: 0 | AA37: 0.024857143 | AB37: 0.029714287 | AC37: 0 | AD37: 0 | AE37: 0 | AF37: 0 | AG37: 1 | AH37: 0 | AI37: 0 | AJ37: 0 | AK37: 0 | AL37: 0 | AM37: 1 | AN37: 0 | AO37: 0 | AP37: 0 | AQ37: 0 | AR37: 0 | AS37: omitted
A38: 6 | B38: =VLOOKUP(A38,'model groups'!$A$3:$C$86,2,FALSE) -> small sharks and rays | D38: ROSTRORAJA EGLANTERIA | E38: ROSTRORAJA EGLANTERIA | G38: Chondrichthyes | H38: Rajiformes | I38: Rajidae | J38: Rostroraja | K38: Rostroraja eglanteria | AR38: 0 | AS38: omitted
A39: 6 | B39: =VLOOKUP(A39,'model groups'!$A$3:$C$86,2,FALSE) -> small sharks and rays | C39: Rhinobatos lentiginosus | D39: RHINOBATOS LENTIGINOSUS | E39: RHINOBATOS LENTIGINOSUS | G39: Chondrichthyes | H39: Rhinobatiformes | I39: Rhinobatidae | J39: Rhinobatos | K39: Atlantic guitarfish | L39: 0.51823347 | N39: 77.49038 | O39: 3.55 | P39: 45.7 | R39: offshore | S39: reef-associated | T39: =IF(OR(AK39=1,AN39=1),"reef","no") -> no | AC39: 0 | AD39: 0 | AE39: 1 | AF39: 1 | AG39: 0 | AH39: 0 | AI39: 0 | AJ39: 0 | AK39: 0 | AL39: 0 | AM39: 1 | AN39: 0 | AO39: 0 | AP39: 0 | AQ39: 0 | AR39: 0 | AS39: omitted
A40: 6 | B40: =VLOOKUP(A40,'model groups'!$A$3:$C$86,2,FALSE) -> small sharks and rays | C40: Sphyrna tiburo | D40: SPHYRNA TIBURO | E40: SPHYRNA TIBURO | G40: Chondrichthyes | H40: Carcharhiniformes | I40: Sphyrnidae | J40: Sphyrna | K40: Bonnethead | L40: 0.45824576 | M40: 4.5093034 | N40: 153.28209 | O40: 3.8466667 | P40: 49.68 | Q40: 1.7744 | R40: nearshore | S40: reef-associated | T40: =IF(OR(AK40=1,AN40=1),"reef","no") -> no | U40: 0.025320506 | V40: 0.80869617 | W40: 0 | X40: 0.079881597 | Y40: 0.084941699 | Z40: 0 | AA40: 0.0011600232 | AB40: 0 | AC40: 1 | AD40: 0 | AE40: 0 | AF40: 1 | AG40: 0 | AH40: 0 | AI40: 0 | AJ40: 0 | AK40: 0 | AL40: 0 | AM40: 1 | AN40: 0 | AO40: 1 | AP40: 0 | AQ40: 1 | AR40: 0 | AS40: omitted
A41: 6 | B41: =VLOOKUP(A41,'model groups'!$A$3:$C$86,2,FALSE) -> small sharks and rays | C41: Squalus cubensis | D41: SQUALUS CUBENSIS | E41: SQUALUS CUBENSIS | G41: Chondrichthyes | H41: Squaliformes | I41: Squalidae | J41: Squalus | K41: Cuban dogfish | L41: 0.40650144 | N41: 112.96256 | O41: 4.11 | P41: 70.67 | Q41: 2.36249 | R41: offshore | S41: demersal | T41: =IF(OR(AK41=1,AN41=1),"reef","no") -> no | U41: 0.818 | V41: 0 | W41: 0 | X41: 0 | Y41: 0.091 | Z41: 0 | AA41: 0.091 | AB41: 0 | AC41: 0 | AD41: 0 | AE41: 0 | AF41: 0 | AG41: 0 | AH41: 0 | AI41: 0 | AJ41: 1 | AK41: 0 | AL41: 0 | AM41: 0 | AN41: 0 | AO41: 0 | AP41: 0 | AQ41: 0 | AR41: 0 | AS41: omitted
A42: 6 | B42: =VLOOKUP(A42,'model groups'!$A$3:$C$86,2,FALSE) -> small sharks and rays | C42: Squalus mitsukurii | D42: SQUALUS MITSUKURII | E42: SQUALUS MITSUKURII | G42: Chondrichthyes | H42: Squaliformes | I42: Squalidae | J42: Squalus | AR42: 0 | AS42: omitted
A43: 6 | B43: =VLOOKUP(A43,'model groups'!$A$3:$C$86,2,FALSE) -> small sharks and rays | C43: Mustelus canis | D43: MUSTELUS CANIS | E43: MUSTELUS CANIS | G43: Chondrichthyes | H43: Carcharhiniformes | I43: Triakidae | J43: Mustelus | K43: Dusky smooth-hound | L43: 0.45076632 | M43: 3.5783946 | N43: 153.28209 | O43: 3.64 | P43: 87.28 | Q43: 1.12661 | R43: nearshore | S43: demersal | T43: =IF(OR(AK43=1,AN43=1),"reef","no") -> no | U43: 0.10079856 | V43: 0.77477465 | W43: 0.012256968 | X43: 0 | Y43: 0.015142641 | Z43: 0 | AA43: 0.095912915 | AB43: 0.0011142697 | AC43: 0 | AD43: 0 | AE43: 0 | AF43: 0 | AG43: 0 | AH43: 0 | AI43: 0 | AJ43: 1 | AK43: 0 | AL43: 0 | AM43: 0 | AN43: 0 | AO43: 0 | AP43: 0 | AQ43: 0 | AR43: 0 | AS43: omitted
A44: 6 | B44: =VLOOKUP(A44,'model groups'!$A$3:$C$86,2,FALSE) -> small sharks and rays | C44: Mustelus mustelus | D44: MUSTELUS MUSTELUS | E44: MUSTELUS MUSTELUS | G44: Chondrichthyes | H44: Carcharhiniformes | I44: Triakidae | J44: Mustelus | T44: =IF(OR(AK44=1,AN44=1),"reef","no") -> no | AG44: 0 | AH44: 1 | AI44: 0 | AJ44: 0 | AK44: 0 | AL44: 0 | AM44: 0 | AN44: 0 | AO44: 0 | AP44: 0 | AQ44: 0 | AR44: 0 | AS44: omitted
A45: 6 | B45: =VLOOKUP(A45,'model groups'!$A$3:$C$86,2,FALSE) -> small sharks and rays | C45: Mustelus norrisi | D45: MUSTELUS NORRISI | E45: MUSTELUS NORRISI | G45: Chondrichthyes | H45: Carcharhiniformes | I45: Triakidae | J45: Mustelus | K45: Narrowfin smooth-hound | L45: 0.40650144 | M45: 4.2312019 | N45: 112.96256 | O45: 3.87 | P45: 57.61 | Q45: 0.899067 | R45: offshore | S45: demersal | T45: =IF(OR(AK45=1,AN45=1),"reef","no") -> reef | U45: 0.10079856 | V45: 0.77477465 | W45: 0.012256968 | X45: 0 | Y45: 0.015142641 | Z45: 0 | AA45: 0.095912915 | AB45: 0.0011142697 | AC45: 1 | AD45: 0 | AE45: 0 | AF45: 0 | AG45: 0 | AH45: 0 | AI45: 0 | AJ45: 1 | AK45: 0 | AL45: 0 | AM45: 0 | AN45: 1 | AO45: 0 | AP45: 0 | AQ45: 0 | AR45: 0 | AS45: omitted
A46: 6 | B46: =VLOOKUP(A46,'model groups'!$A$3:$C$86,2,FALSE) -> small sharks and rays | D46: MUSTELUS | E46: MUSTELUS | G46: Chondrichthyes | H46: Carcharhiniformes | I46: Triakidae | J46: Mustelus | T46: =IF(OR(AK46=1,AN46=1),"reef","no") -> no | AG46: 0 | AH46: 0 | AI46: 0 | AJ46: 1 | AK46: 0 | AL46: 0 | AM46: 0 | AN46: 0 | AO46: 0 | AP46: 0 | AQ46: 0 | AR46: 0 | AS46: omitted
A47: 7 | B47: =VLOOKUP(A47,'model groups'!$A$3:$C$86,2,FALSE) -> pelagic piscivores | C47: Hemicaranx amblyrhynchus | D47: HEMICARANX AMBLYRHYNCHUS | E47: HEMICARANX AMBLYRHYNCHUS | G47: Actinopterygii | H47: Perciformes | I47: Carangidae | J47: Hemicaranx | K47: Bluntnose jack | L47: 0.67015785 | M47: 8.5792493 | N47: 51.994377 | O47: 3.87 | P47: 31.89 | Q47: 2.61853 | R47: offshore | S47: pelagic | T47: =IF(OR(AK47=1,AN47=1),"reef","no") -> no | U47: 0 | V47: 0 | W47: 0.27269999 | X47: 0 | Y47: 0 | Z47: 0 | AA47: 0.72730001 | AB47: 0 | AC47: 0 | AD47: 0 | AE47: 0 | AF47: 0 | AG47: 0 | AH47: 0 | AI47: 0 | AJ47: 0 | AK47: 0 | AL47: 0 | AM47: 1 | AN47: 0 | AO47: 0 | AP47: 0 | AQ47: 0 | AR47: 2 | AS47: pelagic piscivores
A48: 7 | B48: =VLOOKUP(A48,'model groups'!$A$3:$C$86,2,FALSE) -> pelagic piscivores | C48: Seriola rivoliana | D48: SERIOLA RIVOLIANA | E48: SERIOLA RIVOLIANA | G48: Actinopterygii | H48: Perciformes | I48: Carangidae | J48: Seriola | K48: Longfin yellowtail | L48: 0.32054125 | M48: 4.3382383 | N48: 163.3332 | O48: 4.44 | P48: 73.55 | Q48: 3.74422 | R48: offshore | S48: pelagic | T48: =IF(OR(AK48=1,AN48=1),"reef","no") -> reef | U48: 0.92085 | V48: 0.078499999 | W48: 0 | X48: 0 | Y48: 0 | Z48: 0 | AA48: 0.00064999998 | AB48: 0 | AC48: 0 | AD48: 1 | AE48: 0 | AF48: 1 | AG48: 0 | AH48: 0 | AI48: 0 | AJ48: 0 | AK48: 1 | AL48: 0 | AM48: 0 | AN48: 1 | AO48: 1 | AP48: 0 | AQ48: 1 | AR48: 2 | AS48: pelagic piscivores
A49: 7 | B49: =VLOOKUP(A49,'model groups'!$A$3:$C$86,2,FALSE) -> pelagic piscivores | C49: Seriola zonata | D49: SERIOLA ZONATA | E49: SERIOLA ZONATA | G49: Actinopterygii | H49: Perciformes | I49: Carangidae | J49: Seriola | K49: Banded rudderfish | L49: 0.51823347 | M49: 6.4338034 | N49: 77.49038 | O49: 4.5366667 | P49: 42.17 | Q49: 2.36285 | R49: offshore | S49: pelagic | T49: =IF(OR(AK49=1,AN49=1),"reef","no") -> no | U49: 0.49570043 | V49: 0.31881812 | W49: 0.17973203 | X49: 0 | Y49: 0 | Z49: 0 | AA49: 0.005749425 | AB49: 0 | AC49: 0 | AD49: 0 | AE49: 0 | AF49: 0 | AG49: 0 | AH49: 0 | AI49: 0 | AJ49: 0 | AK49: 0 | AL49: 0 | AM49: 1 | AN49: 0 | AO49: 0 | AP49: 0 | AQ49: 1 | AR49: 2 | AS49: pelagic piscivores
A50: 7 | B50: =VLOOKUP(A50,'model groups'!$A$3:$C$86,2,FALSE) -> pelagic piscivores | D50: SERIOLA | E50: SERIOLA SPP. | G50: Actinopterygii | H50: Carangiformes | I50: Carangidae | J50: Seriola | T50: =IF(OR(AK50=1,AN50=1),"reef","no") -> reef | AG50: 0 | AH50: 0 | AI50: 0 | AJ50: 0 | AK50: 1 | AL50: 0 | AM50: 0 | AN50: 0 | AO50: 0 | AP50: 0 | AQ50: 0 | AR50: 2 | AS50: pelagic piscivores
A51: 7 | B51: =VLOOKUP(A51,'model groups'!$A$3:$C$86,2,FALSE) -> pelagic piscivores | D51: CORYPHAENA | E51: CORYPHAENA | G51: Actinopterygii | H51: Carangiformes | I51: Coryphaenidae | J51: Coryphaena | K51: DOLPHINFISH | AG51: 0 | AH51: 0 | AI51: 0 | AJ51: 0 | AK51: 0 | AL51: 0 | AM51: 0 | AN51: 0 | AO51: 0 | AP51: 0 | AQ51: 1 | AR51: 2 | AS51: pelagic piscivores
A52: 7 | B52: =VLOOKUP(A52,'model groups'!$A$3:$C$86,2,FALSE) -> pelagic piscivores | C52: Coryphaena hippurus | D52: CORYPHAENA HIPPURUS | E52: CORYPHAENA HIPPURUS | G52: Actinopterygii | H52: Perciformes | I52: Coryphaenidae | J52: Coryphaena | K52: Common dolphinfish | L52: 2.5808571 | M52: 4.1157273 | N52: 139.8 | O52: 4.37 | P52: 39.83 | Q52: 2.235185 | R52: nearshore | S52: pelagic | T52: =IF(OR(AK52=1,AN52=1),"reef","no") -> no | U52: 0.93174488 | V52: 0 | W52: 0 | X52: 0 | Y52: 0.035252645 | Z52: 0 | AA52: 0 | AB52: 0.033002475 | AC52: 0 | AD52: 0 | AE52: 1 | AF52: 1 | AG52: 0 | AH52: 0 | AI52: 0 | AJ52: 0 | AK52: 0 | AL52: 0 | AM52: 0 | AN52: 0 | AO52: 1 | AP52: 0 | AQ52: 0 | AR52: 2 | AS52: pelagic piscivores
A53: 7 | B53: =VLOOKUP(A53,'model groups'!$A$3:$C$86,2,FALSE) -> pelagic piscivores | C53: Istiophorus platypterus | D53: ISTIOPHORUS PLATYPTERUS | E53: ISTIOPHORUS PLATYPTERUS | G53: Actinopterygii | H53: Perciformes | I53: Istiophoridae | J53: Istiophorus | K53: Indo-Pacific sailfish | L53: 0.375 | M53: 5.0391514 | N53: 350.88769 | O53: 4.5 | P53: 67.65 | Q53: 5.92139 | R53: offshore | S53: pelagic | T53: =IF(OR(AK53=1,AN53=1),"reef","no") -> no | U53: 0.97290135 | V53: 0 | W53: 0 | X53: 0 | Y53: 0.027098646 | Z53: 0 | AA53: 0 | AB53: 0 | AC53: 0 | AD53: 0 | AE53: 0 | AF53: 1 | AG53: 0 | AH53: 0 | AI53: 0 | AJ53: 0 | AK53: 0 | AL53: 0 | AM53: 0 | AN53: 0 | AO53: 1 | AP53: 0 | AQ53: 0 | AR53: 2 | AS53: pelagic piscivores
A54: 7 | B54: =VLOOKUP(A54,'model groups'!$A$3:$C$86,2,FALSE) -> pelagic piscivores | C54: Euthynnus alletteratus | D54: EUTHYNNUS ALLETTERATUS | E54: EUTHYNNUS ALLETTERATUS | G54: Actinopterygii | H54: Perciformes | I54: Scombridae | J54: Euthynnus | K54: Little tunny | L54: 0.42895291 | M54: 6.0635307 | N54: 111 | O54: 4.2633333 | P54: 56.97 | Q54: 4.18356 | R54: nearshore | S54: reef-associated | T54: =IF(OR(AK54=1,AN54=1),"reef","no") -> no | U54: 0.78246667 | V54: 0.0078 | W54: 0.00033333334 | X54: 0 | Y54: 0.12199999 | Z54: 0 | AA54: 0.068999999 | AB54: 0.0184 | AC54: 0 | AD54: 0 | AE54: 0 | AF54: 0 | AG54: 0 | AH54: 0 | AI54: 0 | AJ54: 0 | AK54: 0 | AL54: 0 | AM54: 0 | AN54: 0 | AO54: 1 | AP54: 0 | AQ54: 1 | AR54: 2 | AS54: pelagic piscivores
A55: 7 | B55: =VLOOKUP(A55,'model groups'!$A$3:$C$86,2,FALSE) -> pelagic piscivores | C55: Sarda sarda | D55: SARDA SARDA | E55: SARDA SARDA | G55: Actinopterygii | H55: Perciformes | I55: Scombridae | J55: Sarda | K55: Atlantic bonito | L55: 0.83237191 | M55: 10.392168 | N55: 69.4 | O55: 4.38 | P55: 32.68 | Q55: 5.75763 | R55: nearshore | S55: pelagic | T55: =IF(OR(AK55=1,AN55=1),"reef","no") -> no | U55: 0.807 | V55: 0 | W55: 0 | X55: 0 | Y55: 0.193 | Z55: 0 | AA55: 0 | AB55: 0 | AC55: 0 | AD55: 0 | AE55: 0 | AF55: 0 | AG55: 0 | AH55: 0 | AI55: 0 | AJ55: 0 | AK55: 0 | AL55: 0 | AM55: 0 | AN55: 0 | AO55: 0 | AP55: 0 | AQ55: 1 | AR55: 2 | AS55: pelagic piscivores
A56: 7 | B56: =VLOOKUP(A56,'model groups'!$A$3:$C$86,2,FALSE) -> pelagic piscivores | D56: SCOMBER | E56: SCOMBER | G56: Actinopterygii | H56: Scombriformes | I56: Scombridae | J56: Scomber | K56: MACKEREL (SCOMBER) | AG56: 0 | AH56: 0 | AI56: 0 | AJ56: 0 | AK56: 0 | AL56: 0 | AM56: 0 | AN56: 0 | AO56: 0 | AP56: 0 | AQ56: 1 | AR56: 2 | AS56: pelagic piscivores
A57: 7 | B57: =VLOOKUP(A57,'model groups'!$A$3:$C$86,2,FALSE) -> pelagic piscivores | C57: Scomber colias | D57: SCOMBER COLIAS | E57: SCOMBER COLIAS | G57: Actinopterygii | H57: Perciformes | I57: Scombridae | J57: Scomber | K57: Atlantic chub mackerel | O57: 3.91 | P57: 48.52 | Q57: 2.2133 | R57: nearshore | S57: pelagic | T57: =IF(OR(AK57=1,AN57=1),"reef","no") -> no | AC57: 0 | AD57: 0 | AE57: 0 | AF57: 0 | AG57: 0 | AH57: 0 | AI57: 0 | AJ57: 0 | AK57: 0 | AL57: 0 | AM57: 1 | AN57: 0 | AO57: 0 | AP57: 0 | AQ57: 0 | AR57: 2 | AS57: pelagic piscivores
A58: 7 | B58: =VLOOKUP(A58,'model groups'!$A$3:$C$86,2,FALSE) -> pelagic piscivores | C58: Scomber japonicus | D58: SCOMBER JAPONICUS | E58: SCOMBER JAPONICUS | G58: Actinopteri | H58: Scombriformes | I58: Scombridae | J58: Scomber | AR58: 2 | AS58: pelagic piscivores
A59: 7 | B59: =VLOOKUP(A59,'model groups'!$A$3:$C$86,2,FALSE) -> pelagic piscivores | C59: Scomberomorus regalis | D59: SCOMBEROMORUS REGALIS | E59: SCOMBEROMORUS REGALIS | G59: Actinopterygii | H59: Perciformes | I59: Scombridae | J59: Scomberomorus | K59: Cero | L59: 0.29437353 | M59: 5.4233257 | N59: 186.41382 | O59: 4.4866667 | P59: 62.58 | Q59: 4.51504 | R59: offshore | S59: reef-associated | T59: =IF(OR(AK59=1,AN59=1),"reef","no") -> no | U59: 0.65366667 | V59: 0.010666667 | W59: 0 | X59: 0 | Y59: 0.015333333 | Z59: 0 | AA59: 0.32033333 | AB59: 0 | AC59: 0 | AD59: 0 | AE59: 0 | AF59: 1 | AG59: 0 | AH59: 0 | AI59: 0 | AJ59: 0 | AK59: 0 | AL59: 0 | AM59: 0 | AN59: 0 | AO59: 1 | AP59: 0 | AQ59: 1 | AR59: 2 | AS59: pelagic piscivores
A60: 7 | B60: =VLOOKUP(A60,'model groups'!$A$3:$C$86,2,FALSE) -> pelagic piscivores | D60: SCOMBEROMORUS | E60: SCOMBEROMORUS SPP. | G60: Actinopterygii | H60: Scombriformes | I60: Scombridae | J60: Scomberomorus | T60: =IF(OR(AK60=1,AN60=1),"reef","no") -> reef | AG60: 0 | AH60: 0 | AI60: 0 | AJ60: 0 | AK60: 1 | AL60: 0 | AM60: 0 | AN60: 0 | AO60: 0 | AP60: 0 | AQ60: 0 | AR60: 2 | AS60: pelagic piscivores
A61: 7 | B61: =VLOOKUP(A61,'model groups'!$A$3:$C$86,2,FALSE) -> pelagic piscivores | C61: Thunnus albacares | D61: THUNNUS ALBACARES | E61: THUNNUS ALBACARES | G61: Actinopterygii | H61: Perciformes | I61: Scombridae | J61: Thunnus | K61: Yellowfin tuna | L61: 0.44616541 | M61: 5.6703789 | N61: 178.8 | O61: 4.3766667 | P61: 50.67 | Q61: 6.01356 | R61: nearshore | S61: pelagic | T61: =IF(OR(AK61=1,AN61=1),"reef","no") -> no | U61: 0.673 | V61: 0.0404 | W61: 0 | X61: 0 | Y61: 0.1199 | Z61: 0 | AA61: 0.028099999 | AB61: 0.1386 | AC61: 0 | AD61: 0 | AE61: 0 | AF61: 0 | AG61: 0 | AH61: 0 | AI61: 0 | AJ61: 0 | AK61: 0 | AL61: 0 | AM61: 0 | AN61: 0 | AO61: 0 | AP61: 0 | AQ61: 1 | AR61: 2 | AS61: pelagic piscivores
A62: 7 | B62: =VLOOKUP(A62,'model groups'!$A$3:$C$86,2,FALSE) -> pelagic piscivores | C62: Thunnus atlanticus | D62: THUNNUS ATLANTICUS | E62: THUNNUS ATLANTICUS | G62: Actinopterygii | H62: Perciformes | I62: Scombridae | J62: Thunnus | K62: Blackfin tuna | L62: 0.61605524 | M62: 9.1118089 | N62: 78 | O62: 4.06 | P62: 60.96 | Q62: 5.80817 | R62: offshore | S62: pelagic | T62: =IF(OR(AK62=1,AN62=1),"reef","no") -> no | U62: 0.64333333 | V62: 0.12966667 | W62: 0 | X62: 0 | Y62: 0 | Z62: 0 | AA62: 0.227 | AB62: 0 | AC62: 0 | AD62: 0 | AE62: 0 | AF62: 0 | AG62: 0 | AH62: 0 | AI62: 0 | AJ62: 0 | AK62: 0 | AL62: 0 | AM62: 0 | AN62: 0 | AO62: 1 | AP62: 0 | AQ62: 1 | AR62: 2 | AS62: pelagic piscivores
A63: 7 | B63: =VLOOKUP(A63,'model groups'!$A$3:$C$86,2,FALSE) -> pelagic piscivores | D63: SCOMBRIDAE | E63: SCOMBRIDAE SPP. | G63: Actinopterygii | H63: Perciformes | I63: Scombridae | T63: =IF(OR(AK63=1,AN63=1),"reef","no") -> reef | AG63: 0 | AH63: 0 | AI63: 0 | AJ63: 0 | AK63: 1 | AL63: 0 | AM63: 0 | AN63: 0 | AO63: 0 | AP63: 0 | AQ63: 0 | AR63: 2 | AS63: pelagic piscivores
A64: 7 | B64: =VLOOKUP(A64,'model groups'!$A$3:$C$86,2,FALSE) -> pelagic piscivores | D64: SCOMBRIDAE MACKERELS | E64: SCOMBRIDAE SPP...MACKERELS. | G64: Actinopterygii | H64: Scombriformes | I64: Scombridae | T64: =IF(OR(AK64=1,AN64=1),"reef","no") -> reef | AG64: 0 | AH64: 0 | AI64: 0 | AJ64: 0 | AK64: 1 | AL64: 0 | AM64: 0 | AN64: 0 | AO64: 0 | AP64: 0 | AQ64: 0 | AR64: 2 | AS64: pelagic piscivores
A65: 7 | B65: =VLOOKUP(A65,'model groups'!$A$3:$C$86,2,FALSE) -> pelagic piscivores | C65: Sphyraena barracuda | D65: SPHYRAENA BARRACUDA | E65: SPHYRAENA BARRACUDA | G65: Actinopterygii | H65: Perciformes | I65: Sphyraenidae | J65: Sphyraena | K65: Great barracuda | L65: 0.27825154 | M65: 3.1764033 | N65: 203.44341 | O65: 4.4366667 | P65: 78.57 | Q65: 2.45371 | R65: nearshore | S65: pelagic | T65: =IF(OR(AK65=1,AN65=1),"reef","no") -> reef | U65: 0.86636491 | V65: 0.053055638 | W65: 0 | X65: 0.00016668056 | Y65: 0 | Z65: 0 | AA65: 0.0045003749 | AB65: 0.075912401 | AC65: 0 | AD65: 0 | AE65: 1 | AF65: 1 | AG65: 0 | AH65: 0 | AI65: 0 | AJ65: 1 | AK65: 1 | AL65: 0 | AM65: 0 | AN65: 0 | AO65: 1 | AP65: 0 | AQ65: 0 | AR65: 2 | AS65: pelagic piscivores
A66: 7 | B66: =VLOOKUP(A66,'model groups'!$A$3:$C$86,2,FALSE) -> pelagic piscivores | C66: Sphyraena borealis | D66: SPHYRAENA BOREALIS | E66: SPHYRAENA BOREALIS | G66: Actinopterygii | H66: Perciformes | I66: Sphyraenidae | J66: Sphyraena | K66: Northern sennet | L66: 0.70654145 | M66: 7.0731675 | N66: 47.898287 | O66: 4.2972222 | P66: 33.14 | Q66: 1.73483 | R66: offshore | S66: reef-associated | T66: =IF(OR(AK66=1,AN66=1),"reef","no") -> no | U66: 0.7199389 | V66: 0.018467277 | W66: 0.013166813 | X66: 0.0020555785 | Y66: 0.029833664 | Z66: 0 | AA66: 0.18963544 | AB66: 0.026902324 | AC66: 1 | AD66: 1 | AE66: 1 | AF66: 1 | AG66: 0 | AH66: 0 | AI66: 0 | AJ66: 0 | AK66: 0 | AL66: 0 | AM66: 1 | AN66: 0 | AO66: 0 | AP66: 0 | AQ66: 0 | AR66: 2 | AS66: pelagic piscivores
A67: 7 | B67: =VLOOKUP(A67,'model groups'!$A$3:$C$86,2,FALSE) -> pelagic piscivores | C67: Sphyraena guachancho | D67: SPHYRAENA GUACHANCHO | E67: SPHYRAENA GUACHANCHO | G67: Actinopterygii | H67: Perciformes | I67: Sphyraenidae | J67: Sphyraena | K67: Guachanche barracuda | L67: 0.27825154 | M67: 3.5741051 | N67: 203.44341 | O67: 4.22 | P67: 79.24 | Q67: 2.18647 | R67: nearshore | S67: pelagic | T67: =IF(OR(AK67=1,AN67=1),"reef","no") -> no | U67: 0.63646818 | V67: 0.0023498825 | W67: 0.039498025 | X67: 0 | Y67: 0 | Z67: 0 | AA67: 0.32088396 | AB67: 0.00079995998 | AC67: 1 | AD67: 0 | AE67: 0 | AF67: 0 | AG67: 0 | AH67: 0 | AI67: 0 | AJ67: 0 | AK67: 0 | AL67: 0 | AM67: 1 | AN67: 0 | AO67: 0 | AP67: 0 | AQ67: 0 | AR67: 2 | AS67: pelagic piscivores
A68: 7 | B68: =VLOOKUP(A68,'model groups'!$A$3:$C$86,2,FALSE) -> pelagic piscivores | C68: Xiphias gladius | D68: XIPHIAS GLADIUS | E68: XIPHIAS GLADIUS | G68: Actinopterygii | H68: Perciformes | I68: Xiphiidae | J68: Xiphias | K68: Swordfish | L68: 0.29910645 | M68: 6.0547461 | N68: 234 | O68: 4.495 | P68: 71.96 | Q68: 7.052415 | R68: offshore | S68: pelagic | T68: =IF(OR(AK68=1,AN68=1),"reef","no") -> no | U68: 0.70958419 | V68: 0.0038700774 | W68: 0.000100002 | X68: 0 | Y68: 0.19164383 | Z68: 0 | AA68: 0.092201842 | AB68: 0.0026000519 | AC68: 0 | AD68: 0 | AE68: 0 | AF68: 0 | AG68: 0 | AH68: 0 | AI68: 0 | AJ68: 0 | AK68: 0 | AL68: 0 | AM68: 0 | AN68: 0 | AO68: 0 | AP68: 0 | AQ68: 1 | AR68: 2 | AS68: pelagic piscivores
A69: 8 | B69: =VLOOKUP(A69,'model groups'!$A$3:$C$86,2,FALSE) -> king mackerel juv | C69: Scomberomorus cavalla | D69: SCOMBEROMORUS CAVALLA | E69: SCOMBEROMORUS CAVALLA | F69: KMAC | G69: Actinopterygii | H69: Perciformes | I69: Scombridae | J69: Scomberomorus | K69: King mackerel | L69: 0.39627079 | M69: 8.402283 | N69: 119.48 | O69: 4.4433333 | P69: 57.83 | Q69: 5.81506 | R69: offshore | S69: pelagic | T69: =IF(OR(AK69=1,AN69=1),"reef","no") -> reef | U69: 0.9426 | V69: 0 | W69: 0 | X69: 0 | Y69: 0.057199999 | Z69: 0 | AA69: 0.0002 | AB69: 0 | AC69: 0 | AD69: 1 | AE69: 0 | AF69: 1 | AG69: 0 | AH69: 0 | AI69: 0 | AJ69: 0 | AK69: 0 | AL69: 0 | AM69: 1 | AN69: 1 | AO69: 1 | AP69: 0 | AQ69: 1 | AR69: 2 | AS69: pelagic piscivores
A70: 9 | B70: =VLOOKUP(A70,'model groups'!$A$3:$C$86,2,FALSE) -> king mackerel adult | C70: Scomberomorus cavalla | D70: SCOMBEROMORUS CAVALLA | E70: SCOMBEROMORUS CAVALLA | F70: KMAC | G70: Actinopterygii | H70: Perciformes | I70: Scombridae | J70: Scomberomorus | K70: King mackerel | L70: 0.39627079 | M70: 8.402283 | N70: 119.48 | O70: 4.4433333 | P70: 57.83 | Q70: 5.81506 | R70: offshore | S70: pelagic | T70: =IF(OR(AK70=1,AN70=1),"reef","no") -> reef | U70: 0.9426 | V70: 0 | W70: 0 | X70: 0 | Y70: 0.057199999 | Z70: 0 | AA70: 0.0002 | AB70: 0 | AC70: 0 | AD70: 1 | AE70: 0 | AF70: 1 | AG70: 0 | AH70: 0 | AI70: 0 | AJ70: 0 | AK70: 0 | AL70: 0 | AM70: 1 | AN70: 1 | AO70: 1 | AP70: 0 | AQ70: 1 | AR70: 2 | AS70: pelagic piscivores
A71: 10 | B71: =VLOOKUP(A71,'model groups'!$A$3:$C$86,2,FALSE) -> Spanish mackerel juv | C71: Scomberomorus maculatus | D71: SCOMBEROMORUS MACULATUS | E71: SCOMBEROMORUS MACULATUS | F71: SMAC | G71: Actinopterygii | H71: Perciformes | I71: Scombridae | J71: Scomberomorus | K71: Atlantic Spanish mackerel | L71: 0.61440007 | M71: 8.0161823 | N71: 75.46 | O71: 4.4333333 | P71: 39.27 | Q71: 4.0011 | R71: offshore | S71: pelagic | T71: =IF(OR(AK71=1,AN71=1),"reef","no") -> no | U71: 0.93433333 | V71: 0.003 | W71: 0.0020000001 | X71: 0 | Y71: 0.0020000001 | Z71: 0 | AA71: 0.058666667 | AB71: 0 | AC71: 0 | AD71: 0 | AE71: 0 | AF71: 0 | AG71: 0 | AH71: 0 | AI71: 0 | AJ71: 0 | AK71: 0 | AL71: 0 | AM71: 1 | AN71: 0 | AO71: 1 | AP71: 0 | AQ71: 1 | AR71: 2 | AS71: pelagic piscivores
A72: 11 | B72: =VLOOKUP(A72,'model groups'!$A$3:$C$86,2,FALSE) -> Spanish mackerel adult | C72: Scomberomorus maculatus | D72: SCOMBEROMORUS MACULATUS | E72: SCOMBEROMORUS MACULATUS | F72: SMAC | G72: Actinopterygii | H72: Perciformes | I72: Scombridae | J72: Scomberomorus | K72: Atlantic Spanish mackerel | L72: 0.61440007 | M72: 8.0161823 | N72: 75.46 | O72: 4.4333333 | P72: 39.27 | Q72: 4.0011 | R72: offshore | S72: pelagic | T72: =IF(OR(AK72=1,AN72=1),"reef","no") -> no | U72: 0.93433333 | V72: 0.003 | W72: 0.0020000001 | X72: 0 | Y72: 0.0020000001 | Z72: 0 | AA72: 0.058666667 | AB72: 0 | AC72: 0 | AD72: 0 | AE72: 0 | AF72: 0 | AG72: 0 | AH72: 0 | AI72: 0 | AJ72: 0 | AK72: 0 | AL72: 0 | AM72: 1 | AN72: 0 | AO72: 1 | AP72: 0 | AQ72: 1 | AR72: 2 | AS72: pelagic piscivores
A73: 12 | B73: =VLOOKUP(A73,'model groups'!$A$3:$C$86,2,FALSE) -> cobia | C73: Rachycentron canadum | D73: RACHYCENTRON CANADUM | E73: RACHYCENTRON CANADUM | F73: COB | G73: Actinopterygii | H73: Perciformes | I73: Rachycentridae | J73: Rachycentron | K73: Cobia | L73: 0.37024195 | M73: 2.6872731 | N73: 148.33333 | O73: 4.0366667 | P73: 43.68 | Q73: 0.987476 | R73: nearshore | S73: pelagic | T73: =IF(OR(AK73=1,AN73=1),"reef","no") -> reef | U73: 0.66269325 | V73: 0.23874478 | W73: 0.0066001319 | X73: 0 | Y73: 0.091761834 | Z73: 0 | AA73: 0.000200004 | AB73: 0 | AC73: 1 | AD73: 1 | AE73: 0 | AF73: 1 | AG73: 0 | AH73: 1 | AI73: 0 | AJ73: 0 | AK73: 0 | AL73: 0 | AM73: 1 | AN73: 1 | AO73: 1 | AP73: 0 | AQ73: 1 | AR73: 0 | AS73: omitted
A74: 13 | B74: =VLOOKUP(A74,'model groups'!$A$3:$C$86,2,FALSE) -> greater amberjack | C74: Seriola dumerili | D74: SERIOLA DUMERILI | E74: SERIOLA DUMERILI | F74: GAJ | G74: Actinopterygii | H74: Perciformes | I74: Carangidae | J74: Seriola | K74: Greater amberjack | L74: 0.38094095 | M74: 3.8494846 | N74: 151.15 | O74: 4.3066667 | P74: 53.95 | Q74: 2.83157 | R74: offshore | S74: pelagic | T74: =IF(OR(AK74=1,AN74=1),"reef","no") -> reef | U74: 0.83290909 | V74: 0.10281818 | W74: 0 | X74: 0 | Y74: 0 | Z74: 0 | AA74: 0.064272727 | AB74: 0 | AC74: 0 | AD74: 0 | AE74: 0 | AF74: 1 | AG74: 0 | AH74: 0 | AI74: 0 | AJ74: 0 | AK74: 1 | AL74: 0 | AM74: 0 | AN74: 1 | AO74: 1 | AP74: 0 | AQ74: 1 | AR74: 16 | AS74: large reef fish
A75: 14 | B75: =VLOOKUP(A75,'model groups'!$A$3:$C$86,2,FALSE) -> red snapper 0 | C75: Lutjanus campechanus | D75: LUTJANUS CAMPECHANUS | E75: LUTJANUS CAMPECHANUS | F75: RSN | G75: Actinopterygii | H75: Perciformes | I75: Lutjanidae | J75: Lutjanus | K75: Northern red snapper | L75: 0.35155929 | M75: 4.1964342 | N75: 92.352941 | O75: 3.92 | P75: 55.11 | Q75: 1.43242 | R75: offshore | S75: reef-associated | T75: =IF(OR(AK75=1,AN75=1),"reef","no") -> reef | U75: 0.44501648 | V75: 0.4428041 | W75: 0.052176059 | X75: 0.0036319895 | Y75: 0.0012701279 | Z75: 0 | AA75: 0.053888531 | AB75: 0.0012127134 | AC75: 1 | AD75: 1 | AE75: 0 | AF75: 1 | AG75: 1 | AH75: 1 | AI75: 1 | AJ75: 1 | AK75: 1 | AL75: 0 | AM75: 0 | AN75: 1 | AO75: 1 | AP75: 1 | AQ75: 1 | AR75: 3 | AS75: snappers
A76: 15 | B76: =VLOOKUP(A76,'model groups'!$A$3:$C$86,2,FALSE) -> red snapper 1-2 | C76: Lutjanus campechanus | D76: LUTJANUS CAMPECHANUS | E76: LUTJANUS CAMPECHANUS | F76: RSN | G76: Actinopterygii | H76: Perciformes | I76: Lutjanidae | J76: Lutjanus | K76: Northern red snapper | L76: 0.35155929 | M76: 4.1964342 | N76: 92.352941 | O76: 3.92 | P76: 55.11 | Q76: 1.43242 | R76: offshore | S76: reef-associated | T76: =IF(OR(AK76=1,AN76=1),"reef","no") -> reef | U76: 0.44501648 | V76: 0.4428041 | W76: 0.052176059 | X76: 0.0036319895 | Y76: 0.0012701279 | Z76: 0 | AA76: 0.053888531 | AB76: 0.0012127134 | AC76: 1 | AD76: 1 | AE76: 0 | AF76: 1 | AG76: 1 | AH76: 1 | AI76: 1 | AJ76: 1 | AK76: 1 | AL76: 0 | AM76: 0 | AN76: 1 | AO76: 1 | AP76: 1 | AQ76: 1 | AR76: 3 | AS76: snappers
A77: 16 | B77: =VLOOKUP(A77,'model groups'!$A$3:$C$86,2,FALSE) -> red snapper 3+ | C77: Lutjanus campechanus | D77: LUTJANUS CAMPECHANUS | E77: LUTJANUS CAMPECHANUS | F77: RSN | G77: Actinopterygii | H77: Perciformes | I77: Lutjanidae | J77: Lutjanus | K77: Northern red snapper | L77: 0.35155929 | M77: 4.1964342 | N77: 92.352941 | O77: 3.92 | P77: 55.11 | Q77: 1.43242 | R77: offshore | S77: reef-associated | T77: =IF(OR(AK77=1,AN77=1),"reef","no") -> reef | U77: 0.44501648 | V77: 0.4428041 | W77: 0.052176059 | X77: 0.0036319895 | Y77: 0.0012701279 | Z77: 0 | AA77: 0.053888531 | AB77: 0.0012127134 | AC77: 1 | AD77: 1 | AE77: 0 | AF77: 1 | AG77: 1 | AH77: 1 | AI77: 1 | AJ77: 1 | AK77: 1 | AL77: 0 | AM77: 0 | AN77: 1 | AO77: 1 | AP77: 1 | AQ77: 1 | AR77: 3 | AS77: snappers
A78: 17 | B78: =VLOOKUP(A78,'model groups'!$A$3:$C$86,2,FALSE) -> vermilion snapper | C78: Rhomboplites aurorubens | D78: RHOMBOPLITES AURORUBENS | E78: RHOMBOPLITES AURORUBENS | F78: VSN | G78: Actinopterygii | H78: Perciformes | I78: Lutjanidae | J78: Rhomboplites | K78: Vermilion snapper | L78: 0.4496026 | M78: 6.5941119 | N78: 63 | O78: 4.11 | P78: 49.58 | Q78: 2.772 | R78: offshore | S78: reef-associated | T78: =IF(OR(AK78=1,AN78=1),"reef","no") -> reef | U78: 0.23144445 | V78: 0.23317777 | W78: 0.0014444444 | X78: 0 | Y78: 0.18488889 | Z78: 0 | AA78: 0.145 | AB78: 0.20404445 | AC78: 0 | AD78: 1 | AE78: 0 | AF78: 1 | AG78: 1 | AH78: 0 | AI78: 1 | AJ78: 0 | AK78: 1 | AL78: 0 | AM78: 1 | AN78: 1 | AO78: 1 | AP78: 1 | AQ78: 1 | AR78: 3 | AS78: snappers
A79: 18 | B79: =VLOOKUP(A79,'model groups'!$A$3:$C$86,2,FALSE) -> gray snapper | C79: Lutjanus griseus | D79: LUTJANUS GRISEUS | E79: LUTJANUS GRISEUS | F79: GSN | G79: Actinopterygii | H79: Perciformes | I79: Lutjanidae | J79: Lutjanus | K79: Grey snapper | L79: 0.39098165 | M79: 5.5691716 | N79: 61.325 | O79: 4.1 | P79: 39.82 | Q79: 1.77717 | R79: nearshore | S79: reef-associated | T79: =IF(OR(AK79=1,AN79=1),"reef","no") -> reef | U79: 0.48423671 | V79: 0.49138707 | W79: 0 | X79: 0.0035001749 | Y79: 0 | Z79: 0 | AA79: 0.020876044 | AB79: 0 | AC79: 0 | AD79: 1 | AE79: 1 | AF79: 1 | AG79: 1 | AH79: 0 | AI79: 0 | AJ79: 0 | AK79: 1 | AL79: 0 | AM79: 1 | AN79: 1 | AO79: 1 | AP79: 1 | AQ79: 1 | AR79: 3 | AS79: snappers
A80: 19 | B80: =VLOOKUP(A80,'model groups'!$A$3:$C$86,2,FALSE) -> other snapper | C80: Lutjanus analis | D80: LUTJANUS ANALIS | E80: LUTJANUS ANALIS | G80: Actinopterygii | H80: Perciformes | I80: Lutjanidae | J80: Lutjanus | K80: Mutton snapper | L80: 0.30278617 | M80: 4.4213415 | N80: 89.933333 | O80: 3.8766667 | P80: 55.17 | Q80: 1.6903 | R80: nearshore | S80: reef-associated | T80: =IF(OR(AK80=1,AN80=1),"reef","no") -> no | U80: 0.3813839 | V80: 0.50965213 | W80: 0.01336294 | X80: 0.0014403169 | Y80: 0.0056012322 | Z80: 0 | AA80: 0.087259197 | AB80: 0.001300286 | AC80: 0 | AD80: 0 | AE80: 0 | AF80: 1 | AG80: 0 | AH80: 0 | AI80: 0 | AJ80: 0 | AK80: 0 | AL80: 0 | AM80: 0 | AN80: 0 | AO80: 1 | AP80: 0 | AQ80: 1 | AR80: 3 | AS80: snappers
A81: 19 | B81: =VLOOKUP(A81,'model groups'!$A$3:$C$86,2,FALSE) -> other snapper | C81: Lutjanus synagris | D81: LUTJANUS SYNAGRIS | E81: LUTJANUS SYNAGRIS | G81: Actinopterygii | H81: Perciformes | I81: Lutjanidae | J81: Lutjanus | K81: Lane snapper | L81: 0.53874869 | M81: 5.8742912 | N81: 49.373333 | O81: 3.7666667 | P81: 37.21 | Q81: 1.46359 | R81: offshore | S81: reef-associated | T81: =IF(OR(AK81=1,AN81=1),"reef","no") -> reef | U81: 0.31485714 | V81: 0.58130001 | W81: 0.023371429 | X81: 0.006957143 | Y81: 0.0028857142 | Z81: 0 | AA81: 0.069399999 | AB81: 0.0012285714 | AC81: 1 | AD81: 0 | AE81: 0 | AF81: 1 | AG81: 1 | AH81: 0 | AI81: 0 | AJ81: 0 | AK81: 1 | AL81: 0 | AM81: 1 | AN81: 1 | AO81: 1 | AP81: 1 | AQ81: 1 | AR81: 3 | AS81: snappers
A82: 19 | B82: =VLOOKUP(A82,'model groups'!$A$3:$C$86,2,FALSE) -> other snapper | C82: Lutjanus vivanus | D82: LUTJANUS VIVANUS | E82: LUTJANUS VIVANUS | G82: Actinopterygii | H82: Perciformes | I82: Lutjanidae | J82: Lutjanus | K82: Silk snapper | L82: 0.1425 | M82: 5.0153751 | N82: 74.3 | O82: 3.2866667 | P82: 67.69 | Q82: 0.594011 | R82: offshore | S82: reef-associated | T82: =IF(OR(AK82=1,AN82=1),"reef","no") -> no | U82: 0.21927807 | V82: 0.3538646 | W82: 0.42145786 | X82: 0 | Y82: 0 | Z82: 0 | AA82: 0 | AB82: 0.0053994602 | AC82: 0 | AD82: 0 | AE82: 0 | AF82: 0 | AG82: 0 | AH82: 0 | AI82: 0 | AJ82: 0 | AK82: 0 | AL82: 0 | AM82: 0 | AN82: 0 | AO82: 0 | AP82: 0 | AQ82: 1 | AR82: 3 | AS82: snappers
A83: 19 | B83: =VLOOKUP(A83,'model groups'!$A$3:$C$86,2,FALSE) -> other snapper | D83: LUTJANUS | E83: LUTJANUS SPP. | G83: Actinopterygii | H83: Lutjaniformes | I83: Lutjanidae | J83: Lutjanus | T83: =IF(OR(AK83=1,AN83=1),"reef","no") -> reef | AG83: 0 | AH83: 0 | AI83: 0 | AJ83: 0 | AK83: 1 | AL83: 0 | AM83: 0 | AN83: 0 | AO83: 0 | AP83: 0 | AQ83: 0 | AR83: 3 | AS83: snappers
A84: 19 | B84: =VLOOKUP(A84,'model groups'!$A$3:$C$86,2,FALSE) -> other snapper | C84: Lutjanus cyanopterus | D84: LUTJANUS CYANOPTERUS | E84: LUTJANUS CYANOPTERUS | G84: Actinopteri | H84: Lutjaniformes | I84: Lutjanidae | J84: Lutjanus | AR84: 3 | AS84: snappers
A85: 19 | B85: =VLOOKUP(A85,'model groups'!$A$3:$C$86,2,FALSE) -> other snapper | C85: Lutjanus apodus | D85: LUTJANUS APODUS | E85: LUTJANUS APODUS | G85: Actinopteri | H85: Lutjaniformes | I85: Lutjanidae | J85: Lutjanus | AR85: 3 | AS85: snappers
A86: 19 | B86: =VLOOKUP(A86,'model groups'!$A$3:$C$86,2,FALSE) -> other snapper | C86: Lutjanus buccanella | D86: LUTJANUS BUCCANELLA | E86: LUTJANUS BUCCANELLA | G86: Actinopteri | H86: Lutjaniformes | I86: Lutjanidae | J86: Lutjanus | AR86: 3 | AS86: snappers
A87: 19 | B87: =VLOOKUP(A87,'model groups'!$A$3:$C$86,2,FALSE) -> other snapper | C87: Ocyurus chrysurus | D87: OCYURUS CHRYSURUS | E87: OCYURUS CHRYSURUS | F87: YTS | G87: Actinopterygii | H87: Perciformes | I87: Lutjanidae | J87: Ocyurus | K87: Yellowtail snapper | L87: 0.46454076 | M87: 5.7392093 | N87: 54.142857 | O87: 3.9366667 | P87: 64.92 | Q87: 1.73696 | R87: offshore | S87: reef-associated | T87: =IF(OR(AK87=1,AN87=1),"reef","no") -> reef | U87: 0.35475 | V87: 0.168 | W87: 0.0062500001 | X87: 0 | Y87: 0.0050000001 | Z87: 0.024500001 | AA87: 0.072 | AB87: 0.3695 | AC87: 0 | AD87: 0 | AE87: 1 | AF87: 1 | AG87: 0 | AH87: 0 | AI87: 0 | AJ87: 0 | AK87: 1 | AL87: 0 | AM87: 1 | AN87: 0 | AO87: 1 | AP87: 0 | AQ87: 1 | AR87: 3 | AS87: snappers
A88: 19 | B88: =VLOOKUP(A88,'model groups'!$A$3:$C$86,2,FALSE) -> other snapper | D88: PRISTIPOMOIDES AQUILONARIS | E88: PRISTIPOMOIDES AQUILONARIS | G88: Actinopteri | H88: Lutjaniformes | I88: Lutjanidae | J88: Pristipomoides | K88: Pristipomoides aquilonaris | AR88: 3 | AS88: snappers
A89: 20 | B89: =VLOOKUP(A89,'model groups'!$A$3:$C$86,2,FALSE) -> gag 0 | C89: Mycteroperca microlepis | D89: MYCTEROPERCA MICROLEPIS | E89: MYCTEROPERCA MICROLEPIS | F89: GAG | G89: Actinopterygii | H89: Perciformes | I89: Serranidae | J89: Mycteroperca | K89: Gag | L89: 0.2626493 | M89: 3.2495528 | N89: 115 | O89: 3.69 | P89: 68.06 | Q89: 1.43463 | R89: nearshore | S89: reef-associated | T89: =IF(OR(AK89=1,AN89=1),"reef","no") -> reef | U89: 0.06 | V89: 0.94 | W89: 0 | X89: 0 | Y89: 0 | Z89: 0 | AA89: 0 | AB89: 0 | AC89: 1 | AD89: 0 | AE89: 0 | AF89: 0 | AG89: 0 | AH89: 0 | AI89: 0 | AJ89: 1 | AK89: 1 | AL89: 0 | AM89: 1 | AN89: 1 | AO89: 1 | AP89: 1 | AQ89: 1 | AR89: 4 | AS89: gag 0
A90: 21 | B90: =VLOOKUP(A90,'model groups'!$A$3:$C$86,2,FALSE) -> gag 1 | C90: Mycteroperca microlepis | D90: MYCTEROPERCA MICROLEPIS | E90: MYCTEROPERCA MICROLEPIS | F90: GAG | G90: Actinopterygii | H90: Perciformes | I90: Serranidae | J90: Mycteroperca | K90: Gag | L90: 0.2626493 | M90: 3.2495528 | N90: 115 | O90: 3.69 | P90: 68.06 | Q90: 1.43463 | R90: nearshore | S90: reef-associated | T90: =IF(OR(AK90=1,AN90=1),"reef","no") -> reef | U90: 0.06 | V90: 0.94 | W90: 0 | X90: 0 | Y90: 0 | Z90: 0 | AA90: 0 | AB90: 0 | AC90: 1 | AD90: 0 | AE90: 0 | AF90: 0 | AG90: 0 | AH90: 0 | AI90: 0 | AJ90: 1 | AK90: 1 | AL90: 0 | AM90: 1 | AN90: 1 | AO90: 1 | AP90: 1 | AQ90: 1 | AR90: 5 | AS90: gag 1
A91: 22 | B91: =VLOOKUP(A91,'model groups'!$A$3:$C$86,2,FALSE) -> gag 2 | C91: Mycteroperca microlepis | D91: MYCTEROPERCA MICROLEPIS | E91: MYCTEROPERCA MICROLEPIS | F91: GAG | G91: Actinopterygii | H91: Perciformes | I91: Serranidae | J91: Mycteroperca | K91: Gag | L91: 0.2626493 | M91: 3.2495528 | N91: 115 | O91: 3.69 | P91: 68.06 | Q91: 1.43463 | R91: nearshore | S91: reef-associated | T91: =IF(OR(AK91=1,AN91=1),"reef","no") -> reef | U91: 0.06 | V91: 0.94 | W91: 0 | X91: 0 | Y91: 0 | Z91: 0 | AA91: 0 | AB91: 0 | AC91: 1 | AD91: 0 | AE91: 0 | AF91: 0 | AG91: 0 | AH91: 0 | AI91: 0 | AJ91: 1 | AK91: 1 | AL91: 0 | AM91: 1 | AN91: 1 | AO91: 1 | AP91: 1 | AQ91: 1 | AR91: 6 | AS91: gag 2
A92: 23 | B92: =VLOOKUP(A92,'model groups'!$A$3:$C$86,2,FALSE) -> gag 3 | C92: Mycteroperca microlepis | D92: MYCTEROPERCA MICROLEPIS | E92: MYCTEROPERCA MICROLEPIS | F92: GAG | G92: Actinopterygii | H92: Perciformes | I92: Serranidae | J92: Mycteroperca | K92: Gag | L92: 0.2626493 | M92: 3.2495528 | N92: 115 | O92: 3.69 | P92: 68.06 | Q92: 1.43463 | R92: nearshore | S92: reef-associated | T92: =IF(OR(AK92=1,AN92=1),"reef","no") -> reef | U92: 0.06 | V92: 0.94 | W92: 0 | X92: 0 | Y92: 0 | Z92: 0 | AA92: 0 | AB92: 0 | AC92: 1 | AD92: 0 | AE92: 0 | AF92: 0 | AG92: 0 | AH92: 0 | AI92: 0 | AJ92: 1 | AK92: 1 | AL92: 0 | AM92: 1 | AN92: 1 | AO92: 1 | AP92: 1 | AQ92: 1 | AR92: 7 | AS92: gag 3
A93: 24 | B93: =VLOOKUP(A93,'model groups'!$A$3:$C$86,2,FALSE) -> gag 4 | C93: Mycteroperca microlepis | D93: MYCTEROPERCA MICROLEPIS | E93: MYCTEROPERCA MICROLEPIS | F93: GAG | G93: Actinopterygii | H93: Perciformes | I93: Serranidae | J93: Mycteroperca | K93: Gag | L93: 0.2626493 | M93: 3.2495528 | N93: 115 | O93: 3.69 | P93: 68.06 | Q93: 1.43463 | R93: nearshore | S93: reef-associated | T93: =IF(OR(AK93=1,AN93=1),"reef","no") -> reef | U93: 0.06 | V93: 0.94 | W93: 0 | X93: 0 | Y93: 0 | Z93: 0 | AA93: 0 | AB93: 0 | AC93: 1 | AD93: 0 | AE93: 0 | AF93: 0 | AG93: 0 | AH93: 0 | AI93: 0 | AJ93: 1 | AK93: 1 | AL93: 0 | AM93: 1 | AN93: 1 | AO93: 1 | AP93: 1 | AQ93: 1 | AR93: 8 | AS93: gag 4
A94: 25 | B94: =VLOOKUP(A94,'model groups'!$A$3:$C$86,2,FALSE) -> gag 5+ | C94: Mycteroperca microlepis | D94: MYCTEROPERCA MICROLEPIS | E94: MYCTEROPERCA MICROLEPIS | F94: GAG | G94: Actinopterygii | H94: Perciformes | I94: Serranidae | J94: Mycteroperca | K94: Gag | L94: 0.2626493 | M94: 3.2495528 | N94: 115 | O94: 3.69 | P94: 68.06 | Q94: 1.43463 | R94: nearshore | S94: reef-associated | T94: =IF(OR(AK94=1,AN94=1),"reef","no") -> reef | U94: 0.06 | V94: 0.94 | W94: 0 | X94: 0 | Y94: 0 | Z94: 0 | AA94: 0 | AB94: 0 | AC94: 1 | AD94: 0 | AE94: 0 | AF94: 0 | AG94: 0 | AH94: 0 | AI94: 0 | AJ94: 1 | AK94: 1 | AL94: 0 | AM94: 1 | AN94: 1 | AO94: 1 | AP94: 1 | AQ94: 1 | AR94: 9 | AS94: gag 5+
A95: 26 | B95: =VLOOKUP(A95,'model groups'!$A$3:$C$86,2,FALSE) -> red grouper 0 | C95: Epinephelus morio | D95: EPINEPHELUS MORIO | E95: EPINEPHELUS MORIO | F95: REDGRP | G95: Actinopterygii | H95: Perciformes | I95: Serranidae | J95: Epinephelus | K95: Red grouper | L95: 0.32047807 | M95: 3.957522 | N95: 82.875 | O95: 3.565 | P95: 63.98 | Q95: 1.185605 | R95: offshore | S95: reef-associated | T95: =IF(OR(AK95=1,AN95=1),"reef","no") -> reef | U95: 0.1539 | V95: 0.70675 | W95: 0.02625 | X95: 0.0039 | Y95: 0 | Z95: 0 | AA95: 0.01185 | AB95: 0.09735 | AC95: 1 | AD95: 1 | AE95: 1 | AF95: 1 | AG95: 1 | AH95: 0 | AI95: 1 | AJ95: 1 | AK95: 1 | AL95: 0 | AM95: 1 | AN95: 1 | AO95: 1 | AP95: 1 | AQ95: 1 | AR95: 10 | AS95: red grouper 0
A96: 27 | B96: =VLOOKUP(A96,'model groups'!$A$3:$C$86,2,FALSE) -> red grouper 1 | C96: Epinephelus morio | D96: EPINEPHELUS MORIO | E96: EPINEPHELUS MORIO | F96: REDGRP | G96: Actinopterygii | H96: Perciformes | I96: Serranidae | J96: Epinephelus | K96: Red grouper | L96: 0.32047807 | M96: 3.957522 | N96: 82.875 | O96: 3.565 | P96: 63.98 | Q96: 1.185605 | R96: offshore | S96: reef-associated | T96: =IF(OR(AK96=1,AN96=1),"reef","no") -> reef | U96: 0.1539 | V96: 0.70675 | W96: 0.02625 | X96: 0.0039 | Y96: 0 | Z96: 0 | AA96: 0.01185 | AB96: 0.09735 | AC96: 1 | AD96: 1 | AE96: 1 | AF96: 1 | AG96: 1 | AH96: 0 | AI96: 1 | AJ96: 1 | AK96: 1 | AL96: 0 | AM96: 1 | AN96: 1 | AO96: 1 | AP96: 1 | AQ96: 1 | AR96: 11 | AS96: red grouper 1
A97: 28 | B97: =VLOOKUP(A97,'model groups'!$A$3:$C$86,2,FALSE) -> red grouper 2 | C97: Epinephelus morio | D97: EPINEPHELUS MORIO | E97: EPINEPHELUS MORIO | F97: REDGRP | G97: Actinopterygii | H97: Perciformes | I97: Serranidae | J97: Epinephelus | K97: Red grouper | L97: 0.32047807 | M97: 3.957522 | N97: 82.875 | O97: 3.565 | P97: 63.98 | Q97: 1.185605 | R97: offshore | S97: reef-associated | T97: =IF(OR(AK97=1,AN97=1),"reef","no") -> reef | U97: 0.1539 | V97: 0.70675 | W97: 0.02625 | X97: 0.0039 | Y97: 0 | Z97: 0 | AA97: 0.01185 | AB97: 0.09735 | AC97: 1 | AD97: 1 | AE97: 1 | AF97: 1 | AG97: 1 | AH97: 0 | AI97: 1 | AJ97: 1 | AK97: 1 | AL97: 0 | AM97: 1 | AN97: 1 | AO97: 1 | AP97: 1 | AQ97: 1 | AR97: 12 | AS97: red grouper 2
A98: 29 | B98: =VLOOKUP(A98,'model groups'!$A$3:$C$86,2,FALSE) -> red grouper 3 | C98: Epinephelus morio | D98: EPINEPHELUS MORIO | E98: EPINEPHELUS MORIO | F98: REDGRP | G98: Actinopterygii | H98: Perciformes | I98: Serranidae | J98: Epinephelus | K98: Red grouper | L98: 0.32047807 | M98: 3.957522 | N98: 82.875 | O98: 3.565 | P98: 63.98 | Q98: 1.185605 | R98: offshore | S98: reef-associated | T98: =IF(OR(AK98=1,AN98=1),"reef","no") -> reef | U98: 0.1539 | V98: 0.70675 | W98: 0.02625 | X98: 0.0039 | Y98: 0 | Z98: 0 | AA98: 0.01185 | AB98: 0.09735 | AC98: 1 | AD98: 1 | AE98: 1 | AF98: 1 | AG98: 1 | AH98: 0 | AI98: 1 | AJ98: 1 | AK98: 1 | AL98: 0 | AM98: 1 | AN98: 1 | AO98: 1 | AP98: 1 | AQ98: 1 | AR98: 13 | AS98: red grouper 3
A99: 30 | B99: =VLOOKUP(A99,'model groups'!$A$3:$C$86,2,FALSE) -> red grouper 4 | C99: Epinephelus morio | D99: EPINEPHELUS MORIO | E99: EPINEPHELUS MORIO | F99: REDGRP | G99: Actinopterygii | H99: Perciformes | I99: Serranidae | J99: Epinephelus | K99: Red grouper | L99: 0.32047807 | M99: 3.957522 | N99: 82.875 | O99: 3.565 | P99: 63.98 | Q99: 1.185605 | R99: offshore | S99: reef-associated | T99: =IF(OR(AK99=1,AN99=1),"reef","no") -> reef | U99: 0.1539 | V99: 0.70675 | W99: 0.02625 | X99: 0.0039 | Y99: 0 | Z99: 0 | AA99: 0.01185 | AB99: 0.09735 | AC99: 1 | AD99: 1 | AE99: 1 | AF99: 1 | AG99: 1 | AH99: 0 | AI99: 1 | AJ99: 1 | AK99: 1 | AL99: 0 | AM99: 1 | AN99: 1 | AO99: 1 | AP99: 1 | AQ99: 1 | AR99: 14 | AS99: red grouper 4
A100: 31 | B100: =VLOOKUP(A100,'model groups'!$A$3:$C$86,2,FALSE) -> red grouper 5+ | C100: Epinephelus morio | D100: EPINEPHELUS MORIO | E100: EPINEPHELUS MORIO | F100: REDGRP | G100: Actinopterygii | H100: Perciformes | I100: Serranidae | J100: Epinephelus | K100: Red grouper | L100: 0.32047807 | M100: 3.957522 | N100: 82.875 | O100: 3.565 | P100: 63.98 | Q100: 1.185605 | R100: offshore | S100: reef-associated | T100: =IF(OR(AK100=1,AN100=1),"reef","no") -> reef | U100: 0.1539 | V100: 0.70675 | W100: 0.02625 | X100: 0.0039 | Y100: 0 | Z100: 0 | AA100: 0.01185 | AB100: 0.09735 | AC100: 1 | AD100: 1 | AE100: 1 | AF100: 1 | AG100: 1 | AH100: 0 | AI100: 1 | AJ100: 1 | AK100: 1 | AL100: 0 | AM100: 1 | AN100: 1 | AO100: 1 | AP100: 1 | AQ100: 1 | AR100: 15 | AS100: red grouper 5+
...

Sheet model groups
A1: number | B1: name | C1: min_size_cm | D1: max_size_cm | E1: sedar_spabb | F1: old_num | G1: MICE model name | I1: Old Model Structure | O1: keep | P1: MICE model name | Q1: MICE num | R1: number | S1: name | T1: min_size_cm | U1: max_size_cm | V1: sedar_spabb | W1: old_num | X1: textbox
A2: 1 | B2: offshore dolphins | C2: 0 | D2: 10000 | F2: =VLOOKUP(B2,$J$3:$K$72,2,FALSE) -> #N/A | I2: number | J2: Group name | K2: number | O2: 1 | P2: omitted | Q2: 0 | R2: 99 | S2: not included | T2: 0 | U2: 10000 | W2: #N/A | X2: offshore dolphins, coastal dolphins, seabirds, small sharks and rays, cobia, yellowedge grouper, other DWG, blueline tilefish, golden tilefish, lionfish juv, lionfish adult, gray triggerfish, red porgy, hogfish, black sea bass, mullet, squid, jellyfish, ichthyoplankton, anthozoans, seagrass, macroalgae, not included | AA2: Prey \ predator
A3: =A2+1 -> 2 | B3: coastal dolphins | C3: 0 | D3: 10000 | F3: 1 | I3: 1 | J3: dolphins | K3: 1 | O3: 1 | P3: sharks | Q3: 1 | R3: 5 | S3: large demersal sharks | T3: 0 | U3: 10000 | W3: 3 | X3: pelagic sharks, large demersal sharks | Z3: 1 | AA3: sharks | AB3: 1
A4: =A3+1 -> 3 | B4: seabirds | C4: 0 | D4: 10000 | F4: =VLOOKUP(B4,$J$3:$K$72,2,FALSE) -> 2 | I4: 2 | J4: seabirds | K4: 2 | O4: 1 | P4: pelagic piscivores | Q4: 2 | R4: 52 | S4: coastal piscivores | T4: 0 | U4: 10000 | W4: #N/A | X4: pelagic piscivores, king mackerel juv, king mackerel adult, Spanish mackerel juv, Spanish mackerel adult, coastal piscivores | Z4: 2 | AA4: pelagic piscivores | AB4: 2
A5: =A4+1 -> 4 | B5: pelagic sharks | C5: 0 | D5: 10000 | F5: =VLOOKUP(B5,$J$3:$K$72,2,FALSE) -> #N/A | G5: sharks | I5: 3 | J5: large coastal sharks | K5: 3 | O5: 1 | P5: snappers | Q5: 3 | R5: 19 | S5: other snapper | T5: 0 | U5: 10000 | W5: 17 | X5: red snapper 0, red snapper 1-2, red snapper 3+, vermilion snapper, gray snapper, other snapper | Z5: 3 | AA5: snappers | AB5: 3
A6: =A5+1 -> 5 | B6: large demersal sharks | C6: 0 | D6: 10000 | F6: 3 | G6: sharks | I6: 4 | J6: small coastal sharks | K6: 4 | O6: 1 | P6: gag 0 | Q6: 4 | R6: 20 | S6: gag 0 | T6: 0 | U6: 28 | V6: GAG | W6: 23 | X6: gag 0 | Z6: 4 | AA6: gag 0 | AB6: 4
A7: =A6+1 -> 6 | B7: small sharks and rays | C7: 0 | D7: 10000 | F7: =VLOOKUP(B7,$J$3:$K$72,2,FALSE) -> #N/A | I7: 5 | J7: rays/skates | K7: 5 | O7: 1 | P7: gag 1 | Q7: 5 | R7: 21 | S7: gag 1 | T7: 29 | U7: 39 | V7: GAG | W7: #N/A | X7: gag 1 | Z7: 5 | AA7: gag 1 | AB7: 5
A8: =A7+1 -> 7 | B8: pelagic piscivores | C8: 0 | D8: 10000 | F8: 13 | G8: pelagic piscivores | I8: 6 | J8: billfish & tuna | K8: 6 | O8: 1 | P8: gag 2 | Q8: 6 | R8: 22 | S8: gag 2 | T8: 40 | U8: 48 | V8: GAG | W8: #N/A | X8: gag 2 | Z8: 6 | AA8: gag 2 | AB8: 6
A9: =A8+1 -> 8 | B9: king mackerel juv | C9: 0 | D9: 36 | E9: KMAC | F9: =VLOOKUP(B9,$J$3:$K$72,2,FALSE) -> 9 | G9: pelagic piscivores | I9: 7 | J9: oceanic small pelagics | K9: 7 | O9: 1 | P9: gag 3 | Q9: 7 | R9: 23 | S9: gag 3 | T9: 49 | U9: 57 | V9: GAG | W9: #N/A | X9: gag 3 | Z9: 7 | AA9: gag 3 | AB9: 7
A10: =A9+1 -> 9 | B10: king mackerel adult | C10: 37 | D10: 10000 | E10: KMAC | F10: =VLOOKUP(B10,$J$3:$K$72,2,FALSE) -> 10 | G10: pelagic piscivores | I10: 8 | J10: cobia | K10: 8 | O10: 1 | P10: gag 4 | Q10: 8 | R10: 24 | S10: gag 4 | T10: 58 | U10: 64 | V10: GAG | W10: #N/A | X10: gag 4 | Z10: 8 | AA10: gag 4 | AB10: 8
A11: =A10+1 -> 10 | B11: Spanish mackerel juv | C11: 0 | D11: 24 | E11: SMAC | F11: =VLOOKUP(B11,$J$3:$K$72,2,FALSE) -> 11 | G11: pelagic piscivores | I11: 9 | J11: king Mackerel juv | K11: 9 | O11: 1 | P11: gag 5+ | Q11: 9 | R11: 25 | S11: gag 5+ | T11: 65 | U11: 10000 | V11: GAG | W11: #N/A | X11: gag 5+ | Z11: 9 | AA11: gag 5+ | AB11: 9
A12: =A11+1 -> 11 | B12: Spanish mackerel adult | C12: 25 | D12: 10000 | E12: SMAC | F12: =VLOOKUP(B12,$J$3:$K$72,2,FALSE) -> 12 | G12: pelagic piscivores | I12: 10 | J12: king mackerel adult | K12: 10 | O12: 1 | P12: red grouper 0 | Q12: 10 | R12: 26 | S12: red grouper 0 | T12: 0 | U12: 5 | V12: REDGRP | W12: 26 | X12: red grouper 0 | Z12: 10 | AA12: red grouper 0 | AB12: 10
A13: =A12+1 -> 12 | B13: cobia | C13: 0 | D13: 10000 | E13: COB | F13: =VLOOKUP(B13,$J$3:$K$72,2,FALSE) -> 8 | I13: 11 | J13: Spanish mackerel juv | K13: 11 | O13: 1 | P13: red grouper 1 | Q13: 11 | R13: 27 | S13: red grouper 1 | T13: 6 | U13: 13 | V13: REDGRP | W13: #N/A | X13: red grouper 1 | Z13: 11 | AA13: red grouper 1 | AB13: 11
A14: =A13+1 -> 13 | B14: greater amberjack | C14: 0 | D14: 10000 | E14: GAJ | F14: =VLOOKUP(B14,$J$3:$K$72,2,FALSE) -> #N/A | G14: large reef fish | I14: 12 | J14: Spanish mackerel adult | K14: 12 | O14: 1 | P14: red grouper 2 | Q14: 12 | R14: 28 | S14: red grouper 2 | T14: 14 | U14: 21 | V14: REDGRP | W14: #N/A | X14: red grouper 2 | Z14: 12 | AA14: red grouper 2 | AB14: 12
A15: =A14+1 -> 14 | B15: red snapper 0 | C15: 0 | D15: 13 | E15: RSN | F15: 14 | G15: snappers | I15: 13 | J15: jacks, wahoo, dolphinfish, tunnies | K15: 13 | O15: 1 | P15: red grouper 3 | Q15: 13 | R15: 29 | S15: red grouper 3 | T15: 22 | U15: 27 | V15: REDGRP | W15: #N/A | X15: red grouper 3 | Z15: 13 | AA15: red grouper 3 | AB15: 13
A16: =A15+1 -> 15 | B16: red snapper 1-2 | C16: 21 | D16: 36 | E16: RSN | F16: =VLOOKUP(B16,$J$3:$K$72,2,FALSE) -> #N/A | G16: snappers | I16: 14 | J16: red snapper juv | K16: 14 | O16: 1 | P16: red grouper 4 | Q16: 14 | R16: 30 | S16: red grouper 4 | T16: 28 | U16: 33 | V16: REDGRP | W16: #N/A | X16: red grouper 4 | Z16: 14 | AA16: red grouper 4 | AB16: 14
A17: =A16+1 -> 16 | B17: red snapper 3+ | C17: 37 | D17: 86 | E17: RSN | F17: =VLOOKUP(B17,$J$3:$K$72,2,FALSE) -> #N/A | G17: snappers | I17: 15 | J17: red snapper adult | K17: 15 | O17: 1 | P17: red grouper 5+ | Q17: 15 | R17: 31 | S17: red grouper 5+ | T17: 34 | U17: 10000 | V17: REDGRP | W17: #N/A | X17: red grouper 5+ | Z17: 15 | AA17: red grouper 5+ | AB17: 15
A18: =A17+1 -> 17 | B18: vermilion snapper | C18: 0 | D18: 10000 | E18: VSN | F18: =VLOOKUP(B18,$J$3:$K$72,2,FALSE) -> 16 | G18: snappers | I18: 16 | J18: vermilion snapper | K18: 16 | O18: 1 | P18: large reef fish | Q18: 16 | R18: 36 | S18: other SWG | T18: 0 | U18: 10000 | W18: #N/A | X18: greater amberjack, black grouper, scamp, goliath grouper, other SWG | Z18: 16 | AA18: large reef fish | AB18: 16
A19: =A18+1 -> 18 | B19: gray snapper | C19: 0 | D19: 10000 | E19: GSN | F19: =VLOOKUP(B19,$J$3:$K$72,2,FALSE) -> #N/A | G19: snappers | I19: 17 | J19: other snapper | K19: 17 | O19: 1 | P19: small reef fish | Q19: 17 | R19: 51 | S19: reef planktivores | T19: 0 | U19: 10000 | W19: #N/A | X19: reef carnivores, reef crustacean eaters, reef invertivores, medium reef omnivores, small reef omnivores, reef planktivores | Z19: 17 | AA19: small reef fish | AB19: 17
A20: =A19+1 -> 19 | B20: other snapper | C20: 0 | D20: 10000 | F20: =VLOOKUP(B20,$J$3:$K$72,2,FALSE) -> 17 | G20: snappers | I20: 18 | J20: tilefish | K20: 18 | O20: 1 | P20: demersal fish | Q20: 18 | R20: 55 | S20: demersal omnivores | T20: 0 | U20: 10000 | W20: #N/A | X20: offshore demersal carnivores, nearshore demersal carnivores, demersal omnivores | Z20: 18 | AA20: demersal fish | AB20: 18
A21: =A20+1 -> 20 | B21: gag 0 | C21: 0 | D21: 28 | E21: GAG | F21: 23 | G21: gag 0 | I21: 19 | J21: yellowedge grouper 0-1 | K21: 19 | O21: 1 | P21: small pelagics | Q21: 19 | R21: 58 | S21: offshore small pelagics | T21: 0 | U21: 10000 | W21: #N/A | X21: sardine herring scad, nearshore small pelagics, offshore small pelagics | Z21: 19 | AA21: small pelagics | AB21: 19
A22: =A21+1 -> 21 | B22: gag 1 | C22: =D21+1 -> 29 | D22: 39 | E22: GAG | F22: =VLOOKUP(B22,$J$3:$K$72,2,FALSE) -> #N/A | G22: gag 1 | I22: 20 | J22: yellowedge grouper 1-3 | K22: 20 | O22: 1 | P22: macro-crustaceans | Q22: 20 | R22: 62 | S22: large crabs | T22: 0 | U22: 10000 | W22: 49 | X22: shrimp, large crabs | Z22: 20 | AA22: macro-crustaceans | AB22: 20
A23: =A22+1 -> 22 | B23: gag 2 | C23: =D22+1 -> 40 | D23: 48 | E23: GAG | F23: =VLOOKUP(B23,$J$3:$K$72,2,FALSE) -> #N/A | G23: gag 2 | I23: 21 | J23: yellowedge grouper 3+ | K23: 21 | O23: 1 | P23: micro-crustaceans | Q23: 21 | R23: 68 | S23: mobile epifauna | T23: 0 | U23: 10000 | W23: #N/A | X23: mobile epifauna | Z23: 21 | AA23: micro-crustaceans | AB23: 21
A24: =A23+1 -> 23 | B24: gag 3 | C24: =D23+1 -> 49 | D24: 57 | E24: GAG | F24: =VLOOKUP(B24,$J$3:$K$72,2,FALSE) -> #N/A | G24: gag 3 | I24: 22 | J24: other deep water grouper | K24: 22 | O24: 1 | P24: other invertebrates | Q24: 22 | R24: 71 | S24: microbes | T24: 0 | U24: 10000 | W24: #N/A | X24: stomatopods, echinoderms, gastropods, bivalves, sessile epibenthos, small infauna, meiobenthos, microbes | Z24: 22 | AA24: other invertebrates | AB24: 22
A25: =A24+1 -> 24 | B25: gag 4 | C25: =D24+1 -> 58 | D25: 64 | E25: GAG | F25: =VLOOKUP(B25,$J$3:$K$72,2,FALSE) -> #N/A | G25: gag 4 | I25: 23 | J25: gag 0-1 | K25: 23 | O25: 1 | P25: zooplankton | Q25: 23 | R25: 75 | S25: microzooplankton SZ | T25: 0 | U25: 10000 | W25: #N/A | X25: predatory zooplankton PZ, herbivorous zooplankton LZ, microzooplankton SZ | Z25: 23 | AA25: zooplankton | AB25: 23
A26: =A25+1 -> 25 | B26: gag 5+ | C26: =D25+1 -> 65 | D26: 10000 | E26: GAG | F26: =VLOOKUP(B26,$J$3:$K$72,2,FALSE) -> #N/A | G26: gag 5+ | I26: 24 | J26: gag 1-3 | K26: 24 | O26: 1 | P26: phytoplankton | Q26: 25 | R26: 81 | S26: small phytoplankton SP | T26: 0 | U26: 10000 | W26: #N/A | X26: large phytoplankton LP, small phytoplankton SP | Z26: 24 | AA26: macroalgae | AB26: 24
A27: =A26+1 -> 26 | B27: red grouper 0 | C27: 0 | D27: 5 | E27: REDGRP | F27: 26 | G27: red grouper 0 | I27: 25 | J27: gag 3+ | K27: 25 | O27: 1 | P27: detritus | Q27: 26 | R27: 83 | S27: sediment detritus | T27: 0 | U27: 10000 | W27: 69 | X27: water column detritus, sediment detritus | Z27: 25 | AA27: phytoplankton | AB27: 25
A28: =A27+1 -> 27 | B28: red grouper 1 | C28: =D27+1 -> 6 | D28: 13 | E28: REDGRP | F28: =VLOOKUP(B28,$J$3:$K$72,2,FALSE) -> #N/A | G28: red grouper 1 | I28: 26 | J28: red grouper 0-1 | K28: 26 | O28: 0 | P28: omitted | Q28: 0 | R28: 1 | S28: offshore dolphins | T28: 0 | U28: 10000 | W28: #N/A | X28: offshore dolphins | Z28: 26 | AA28: detritus | AB28: 26
A29: =A28+1 -> 28 | B29: red grouper 2 | C29: =D28+1 -> 14 | D29: 21 | E29: REDGRP | F29: =VLOOKUP(B29,$J$3:$K$72,2,FALSE) -> #N/A | G29: red grouper 2 | I29: 27 | J29: red grouper 1-3 | K29: 27 | O29: 0 | P29: omitted | Q29: 0 | R29: 2 | S29: coastal dolphins | T29: 0 | U29: 10000 | W29: 1 | X29: offshore dolphins, coastal dolphins
A30: =A29+1 -> 29 | B30: red grouper 3 | C30: =D29+1 -> 22 | D30: 27 | E30: REDGRP | F30: =VLOOKUP(B30,$J$3:$K$72,2,FALSE) -> #N/A | G30: red grouper 3 | I30: 28 | J30: red grouper 3+ | K30: 28 | O30: 0 | P30: omitted | Q30: 0 | R30: 3 | S30: seabirds | T30: 0 | U30: 10000 | W30: 2 | X30: offshore dolphins, coastal dolphins, seabirds
A31: =A30+1 -> 30 | B31: red grouper 4 | C31: =D30+1 -> 28 | D31: 33 | E31: REDGRP | F31: =VLOOKUP(B31,$J$3:$K$72,2,FALSE) -> #N/A | G31: red grouper 4 | I31: 29 | J31: black grouper 0-1 | K31: 29 | O31: 0 | P31: omitted | Q31: 0 | R31: 6 | S31: small sharks and rays | T31: 0 | U31: 10000 | W31: #N/A | X31: offshore dolphins, coastal dolphins, seabirds, small sharks and rays
A32: =A31+1 -> 31 | B32: red grouper 5+ | C32: =D31+1 -> 34 | D32: 10000 | E32: REDGRP | F32: =VLOOKUP(B32,$J$3:$K$72,2,FALSE) -> #N/A | G32: red grouper 5+ | I32: 30 | J32: black grouper 1-3 | K32: 30 | O32: 0 | P32: omitted | Q32: 0 | R32: 12 | S32: cobia | T32: 0 | U32: 10000 | V32: COB | W32: 8 | X32: offshore dolphins, coastal dolphins, seabirds, small sharks and rays, cobia
A33: =A32+1 -> 32 | B33: black grouper | C33: 0 | D33: 10000 | F33: =VLOOKUP(B33,$J$3:$K$72,2,FALSE) -> #N/A | G33: large reef fish | I33: 31 | J33: black grouper 3+ | K33: 31 | O33: 0 | P33: omitted | Q33: 0 | R33: 33 | S33: yellowedge grouper | T33: 0 | U33: 10000 | V33: YEG | W33: #N/A | X33: offshore dolphins, coastal dolphins, seabirds, small sharks and rays, cobia, yellowedge grouper
A34: =A33+1 -> 33 | B34: yellowedge grouper | C34: 0 | D34: 10000 | E34: YEG | F34: =VLOOKUP(B34,$J$3:$K$72,2,FALSE) -> #N/A | I34: 32 | J34: other shallow water grouper | K34: 32 | O34: 0 | P34: omitted | Q34: 0 | R34: 37 | S34: other DWG | T34: 0 | U34: 10000 | W34: #N/A | X34: offshore dolphins, coastal dolphins, seabirds, small sharks and rays, cobia, yellowedge grouper, other DWG
A35: =A34+1 -> 34 | B35: scamp | C35: 0 | D35: 10000 | E35: SCAMP | F35: =VLOOKUP(B35,$J$3:$K$72,2,FALSE) -> #N/A | G35: large reef fish | I35: 33 | J35: goliath grouper | K35: 33 | O35: 0 | P35: omitted | Q35: 0 | R35: 38 | S35: blueline tilefish | T35: 0 | U35: 10000 | W35: #N/A | X35: offshore dolphins, coastal dolphins, seabirds, small sharks and rays, cobia, yellowedge grouper, other DWG, blueline tilefish
A36: =A35+1 -> 35 | B36: goliath grouper | C36: 0 | D36: 10000 | F36: =VLOOKUP(B36,$J$3:$K$72,2,FALSE) -> 33 | G36: large reef fish | I36: 34 | J36: triggerfish | K36: 34 | O36: 0 | P36: omitted | Q36: 0 | R36: 39 | S36: golden tilefish | T36: 0 | U36: 10000 | V36: TLF | W36: #N/A | X36: offshore dolphins, coastal dolphins, seabirds, small sharks and rays, cobia, yellowedge grouper, other DWG, blueline tilefish, golden tilefish
A37: =A36+1 -> 36 | B37: other SWG | C37: 0 | D37: 10000 | F37: =VLOOKUP(B37,$J$3:$K$72,2,FALSE) -> #N/A | G37: large reef fish | I37: 35 | J37: amberjack | K37: 35 | O37: 0 | P37: omitted | Q37: 0 | R37: 40 | S37: lionfish juv | T37: 0 | U37: 15 | W37: #N/A | X37: offshore dolphins, coastal dolphins, seabirds, small sharks and rays, cobia, yellowedge grouper, other DWG, blueline tilefish, golden tilefish, lionfish juv
A38: =A37+1 -> 37 | B38: other DWG | C38: 0 | D38: 10000 | F38: =VLOOKUP(B38,$J$3:$K$72,2,FALSE) -> #N/A | I38: 36 | J38: black sea bass | K38: 36 | O38: 0 | P38: omitted | Q38: 0 | R38: 41 | S38: lionfish adult | T38: 16 | U38: 42 | W38: #N/A | X38: offshore dolphins, coastal dolphins, seabirds, small sharks and rays, cobia, yellowedge grouper, other DWG, blueline tilefish, golden tilefish, lionfish juv, lionfish adult
A39: =A38+1 -> 38 | B39: blueline tilefish | C39: 0 | D39: 10000 | F39: =VLOOKUP(B39,$J$3:$K$72,2,FALSE) -> #N/A | I39: 37 | J39: reef carnivores (grunt, porgy, wrasse, perch) | K39: 37 | O39: 0 | P39: omitted | Q39: 0 | R39: 42 | S39: gray triggerfish | T39: 0 | U39: 10000 | V39: GTF | W39: #N/A | X39: offshore dolphins, coastal dolphins, seabirds, small sharks and rays, cobia, yellowedge grouper, other DWG, blueline tilefish, golden tilefish, lionfish juv, lionfish adult, gray triggerfish
A40: =A39+1 -> 39 | B40: golden tilefish | C40: 0 | D40: 10000 | E40: TLF | F40: =VLOOKUP(B40,$J$3:$K$72,2,FALSE) -> #N/A | I40: 38 | J40: reef omnivores (angelfish, surgeonfish, chub) | K40: 38 | O40: 0 | P40: omitted | Q40: 0 | R40: 43 | S40: red porgy | T40: 0 | U40: 10000 | W40: #N/A | X40: offshore dolphins, coastal dolphins, seabirds, small sharks and rays, cobia, yellowedge grouper, other DWG, blueline tilefish, golden tilefish, lionfish juv, lionfish adult, gray triggerfish, red porgy
A41: =A40+1 -> 40 | B41: lionfish juv | C41: 0 | D41: 15 | F41: =VLOOKUP(B41,$J$3:$K$72,2,FALSE) -> #N/A | I41: 39 | J41: coastal piscivores (seatrout, snook, tarpon) | K41: 39 | O41: 0 | P41: omitted | Q41: 0 | R41: 44 | S41: hogfish | T41: 0 | U41: 10000 | W41: #N/A | X41: offshore dolphins, coastal dolphins, seabirds, small sharks and rays, cobia, yellowedge grouper, other DWG, blueline tilefish, golden tilefish, lionfish juv, lionfish adult, gray triggerfish, red porgy, hogfish
A42: =A41+1 -> 41 | B42: lionfish adult | C42: 16 | D42: 42 | F42: =VLOOKUP(B42,$J$3:$K$72,2,FALSE) -> #N/A | I42: 40 | J42: large coastal carnivores (drum, sheepshead) | K42: 40 | O42: 0 | P42: omitted | Q42: 0 | R42: 45 | S42: black sea bass | T42: 0 | U42: 10000 | W42: 36 | X42: offshore dolphins, coastal dolphins, seabirds, small sharks and rays, cobia, yellowedge grouper, other DWG, blueline tilefish, golden tilefish, lionfish juv, lionfish adult, gray triggerfish, red porgy, hogfish, black sea bass
A43: =A42+1 -> 42 | B43: gray triggerfish | C43: 0 | D43: 10000 | E43: GTF | F43: =VLOOKUP(B43,$J$3:$K$72,2,FALSE) -> #N/A | I43: 41 | J43: small coastal carnivores | K43: 41 | O43: 0 | P43: omitted | Q43: 0 | R43: 59 | S43: mullet | T43: 0 | U43: 10000 | W43: #N/A | X43: offshore dolphins, coastal dolphins, seabirds, small sharks and rays, cobia, yellowedge grouper, other DWG, blueline tilefish, golden tilefish, lionfish juv, lionfish adult, gray triggerfish, red porgy, hogfish, black sea bass, mullet
A44: =A43+1 -> 43 | B44: red porgy | C44: 0 | D44: 10000 | F44: =VLOOKUP(B44,$J$3:$K$72,2,FALSE) -> #N/A | I44: 42 | J44: coastal omnivores (pinfish, filefish, puffers) | K44: 42 | O44: 0 | P44: omitted | Q44: 0 | R44: 60 | S44: squid | T44: 0 | U44: 10000 | W44: 46 | X44: offshore dolphins, coastal dolphins, seabirds, small sharks and rays, cobia, yellowedge grouper, other DWG, blueline tilefish, golden tilefish, lionfish juv, lionfish adult, gray triggerfish, red porgy, hogfish, black sea bass, mullet, squid
A45: =A44+1 -> 44 | B45: hogfish | C45: 0 | D45: 10000 | F45: =VLOOKUP(B45,$J$3:$K$72,2,FALSE) -> #N/A | I45: 43 | J45: Sardine-Herring-Scad complex | K45: 43 | O45: 0 | P45: omitted | Q45: 0 | R45: 72 | S45: jellyfish | T45: 0 | U45: 10000 | W45: #N/A | X45: offshore dolphins, coastal dolphins, seabirds, small sharks and rays, cobia, yellowedge grouper, other DWG, blueline tilefish, golden tilefish, lionfish juv, lionfish adult, gray triggerfish, red porgy, hogfish, black sea bass, mullet, squid, jellyfish
A46: =A45+1 -> 45 | B46: black sea bass | C46: 0 | D46: 10000 | F46: =VLOOKUP(B46,$J$3:$K$72,2,FALSE) -> 36 | I46: 44 | J46: Anchovies and silversides | K46: 44 | O46: 0 | P46: omitted | Q46: 0 | R46: 76 | S46: ichthyoplankton | T46: 0 | U46: 10000 | W46: 61 | X46: offshore dolphins, coastal dolphins, seabirds, small sharks and rays, cobia, yellowedge grouper, other DWG, blueline tilefish, golden tilefish, lionfish juv, lionfish adult, gray triggerfish, red porgy, hogfish, black sea bass, mullet, squid, jellyfish, ichthyoplankton
A47: =A46+1 -> 46 | B47: reef carnivores | C47: 0 | D47: 10000 | F47: =VLOOKUP(B47,$J$3:$K$72,2,FALSE) -> #N/A | G47: small reef fish | I47: 45 | J47: Mullets | K47: 45 | O47: 0 | P47: omitted | Q47: 0 | R47: 77 | S47: anthozoans | T47: 0 | U47: 10000 | W47: #N/A | X47: offshore dolphins, coastal dolphins, seabirds, small sharks and rays, cobia, yellowedge grouper, other DWG, blueline tilefish, golden tilefish, lionfish juv, lionfish adult, gray triggerfish, red porgy, hogfish, black sea bass, mullet, squid, jellyfish, ichthyoplankton, anthozoans
A48: =A47+1 -> 47 | B48: reef crustacean eaters | C48: 0 | D48: 10000 | F48: =VLOOKUP(B48,$J$3:$K$72,2,FALSE) -> #N/A | G48: small reef fish | I48: 46 | J48: Squid | K48: 46 | O48: 0 | P48: omitted | Q48: 0 | R48: 78 | S48: seagrass | T48: 0 | U48: 10000 | W48: #N/A | X48: offshore dolphins, coastal dolphins, seabirds, small sharks and rays, cobia, yellowedge grouper, other DWG, blueline tilefish, golden tilefish, lionfish juv, lionfish adult, gray triggerfish, red porgy, hogfish, black sea bass, mullet, squid, jellyfish, ichthyoplankton, anthozoans, seagrass
A49: =A48+1 -> 48 | B49: reef invertivores | C49: 0 | D49: 10000 | F49: =VLOOKUP(B49,$J$3:$K$72,2,FALSE) -> #N/A | G49: small reef fish | I49: 47 | J49: Adult Shrimps | K49: 47 | O49: 0 | P49: omitted | Q49: 0 | R49: 79 | S49: macroalgae | T49: 0 | U49: 10000 | W49: 64 | X49: offshore dolphins, coastal dolphins, seabirds, small sharks and rays, cobia, yellowedge grouper, other DWG, blueline tilefish, golden tilefish, lionfish juv, lionfish adult, gray triggerfish, red porgy, hogfish, black sea bass, mullet, squid, jellyfish, ichthyoplankton, anthozoans, seagrass, macroalgae
A50: =A49+1 -> 49 | B50: medium reef omnivores | C50: 0 | D50: 10000 | F50: =VLOOKUP(B50,$J$3:$K$72,2,FALSE) -> #N/A | G50: small reef fish | I50: 48 | J50: Lobsters | K50: 48 | O50: 0 | P50: sharks | Q50: 1 | R50: 4 | S50: pelagic sharks | T50: 0 | U50: 10000 | W50: #N/A | X50: pelagic sharks
A51: =A50+1 -> 50 | B51: small reef omnivores | C51: 0 | D51: 10000 | F51: =VLOOKUP(B51,$J$3:$K$72,2,FALSE) -> #N/A | G51: small reef fish | I51: 49 | J51: Large Crabs | K51: 49 | O51: 0 | P51: pelagic piscivores | Q51: 2 | R51: 7 | S51: pelagic piscivores | T51: 0 | U51: 10000 | W51: 13 | X51: pelagic piscivores
A52: =A51+1 -> 51 | B52: reef planktivores | C52: 0 | D52: 10000 | F52: =VLOOKUP(B52,$J$3:$K$72,2,FALSE) -> #N/A | G52: small reef fish | I52: 50 | J52: Octopods | K52: 50 | O52: 0 | P52: pelagic piscivores | Q52: 2 | R52: 8 | S52: king mackerel juv | T52: 0 | U52: 36 | V52: KMAC | W52: 9 | X52: pelagic piscivores, king mackerel juv
A53: =A52+1 -> 52 | B53: coastal piscivores | C53: 0 | D53: 10000 | F53: =VLOOKUP(B53,$J$3:$K$72,2,FALSE) -> #N/A | G53: pelagic piscivores | I53: 51 | J53: Stomatopods | K53: 51 | O53: 0 | P53: pelagic piscivores | Q53: 2 | R53: 9 | S53: king mackerel adult | T53: 37 | U53: 10000 | V53: KMAC | W53: 10 | X53: pelagic piscivores, king mackerel juv, king mackerel adult
A54: =A53+1 -> 53 | B54: offshore demersal carnivores | C54: 0 | D54: 10000 | F54: =VLOOKUP(B54,$J$3:$K$72,2,FALSE) -> #N/A | G54: demersal fish | I54: 52 | J54: Echinoderms/Large gastropods | K54: 52 | O54: 0 | P54: pelagic piscivores | Q54: 2 | R54: 10 | S54: Spanish mackerel juv | T54: 0 | U54: 24 | V54: SMAC | W54: 11 | X54: pelagic piscivores, king mackerel juv, king mackerel adult, Spanish mackerel juv
A55: =A54+1 -> 54 | B55: nearshore demersal carnivores | C55: 0 | D55: 10000 | F55: =VLOOKUP(B55,$J$3:$K$72,2,FALSE) -> #N/A | G55: demersal fish | I55: 53 | J55: Bivalves | K55: 53 | O55: 0 | P55: pelagic piscivores | Q55: 2 | R55: 11 | S55: Spanish mackerel adult | T55: 25 | U55: 10000 | V55: SMAC | W55: 12 | X55: pelagic piscivores, king mackerel juv, king mackerel adult, Spanish mackerel juv, Spanish mackerel adult
A56: =A55+1 -> 55 | B56: demersal omnivores | C56: 0 | D56: 10000 | F56: =VLOOKUP(B56,$J$3:$K$72,2,FALSE) -> #N/A | G56: demersal fish | I56: 54 | J56: Sessile epibenthos | K56: 54 | O56: 0 | P56: snappers | Q56: 3 | R56: 14 | S56: red snapper 0 | T56: 0 | U56: 13 | V56: RSN | W56: 14 | X56: red snapper 0
A57: =A56+1 -> 56 | B57: sardine herring scad | C57: 0 | D57: 10000 | F57: =VLOOKUP(B57,$J$3:$K$72,2,FALSE) -> #N/A | G57: small pelagics | I57: 55 | J57: Small infauna | K57: 55 | O57: 0 | P57: snappers | Q57: 3 | R57: 15 | S57: red snapper 1-2 | T57: 21 | U57: 36 | V57: RSN | W57: #N/A | X57: red snapper 0, red snapper 1-2
A58: =A57+1 -> 57 | B58: nearshore small pelagics | C58: 0 | D58: 10000 | F58: =VLOOKUP(B58,$J$3:$K$72,2,FALSE) -> #N/A | G58: small pelagics | I58: 56 | J58: Small mobile epifauna | K58: 56 | O58: 0 | P58: snappers | Q58: 3 | R58: 16 | S58: red snapper 3+ | T58: 37 | U58: 86 | V58: RSN | W58: #N/A | X58: red snapper 0, red snapper 1-2, red snapper 3+
A59: =A58+1 -> 58 | B59: offshore small pelagics | C59: 0 | D59: 10000 | F59: =VLOOKUP(B59,$J$3:$K$72,2,FALSE) -> #N/A | G59: small pelagics | I59: 57 | J59: Meiofauna | K59: 57 | O59: 0 | P59: snappers | Q59: 3 | R59: 17 | S59: vermilion snapper | T59: 0 | U59: 10000 | V59: VSN | W59: 16 | X59: red snapper 0, red snapper 1-2, red snapper 3+, vermilion snapper
A60: =A59+1 -> 59 | B60: mullet | C60: 0 | D60: 10000 | F60: =VLOOKUP(B60,$J$3:$K$72,2,FALSE) -> #N/A | I60: 58 | J60: Small Copepods | K60: 58 | O60: 0 | P60: snappers | Q60: 3 | R60: 18 | S60: gray snapper | T60: 0 | U60: 10000 | V60: GSN | W60: #N/A | X60: red snapper 0, red snapper 1-2, red snapper 3+, vermilion snapper, gray snapper
A61: =A60+1 -> 60 | B61: squid | C61: 0 | D61: 10000 | F61: =VLOOKUP(B61,$J$3:$K$72,2,FALSE) -> 46 | I61: 59 | J61: Other Mesozooplankton | K61: 59 | O61: 0 | P61: large reef fish | Q61: 16 | R61: 13 | S61: greater amberjack | T61: 0 | U61: 10000 | V61: GAJ | W61: #N/A | X61: greater amberjack
A62: =A61+1 -> 61 | B62: shrimp | C62: 0 | D62: 10000 | F62: =VLOOKUP(B62,$J$3:$K$72,2,FALSE) -> #N/A | G62: macro crustaceans | I62: 60 | J62: CarnivZooplank | K62: 60 | O62: 0 | P62: large reef fish | Q62: 16 | R62: 32 | S62: black grouper | T62: 0 | U62: 10000 | W62: #N/A | X62: greater amberjack, black grouper
A63: =A62+1 -> 62 | B63: large crabs | C63: 0 | D63: 10000 | F63: =VLOOKUP(B63,$J$3:$K$72,2,FALSE) -> 49 | G63: macro crustaceans | I63: 61 | J63: Ichthyoplankton | K63: 61 | O63: 0 | P63: large reef fish | Q63: 16 | R63: 34 | S63: scamp | T63: 0 | U63: 10000 | V63: SCAMP | W63: #N/A | X63: greater amberjack, black grouper, scamp
A64: =A63+1 -> 63 | B64: stomatopods | C64: 0 | D64: 10000 | F64: =VLOOKUP(B64,$J$3:$K$72,2,FALSE) -> 51 | G64: other inverts | I64: 62 | J64: CarnivJellyfish | K64: 62 | O64: 0 | P64: large reef fish | Q64: 16 | R64: 35 | S64: goliath grouper | T64: 0 | U64: 10000 | W64: 33 | X64: greater amberjack, black grouper, scamp, goliath grouper
A65: =A64+1 -> 64 | B65: echinoderms | C65: 0 | D65: 10000 | F65: =VLOOKUP(B65,$J$3:$K$72,2,FALSE) -> #N/A | G65: other inverts | I65: 63 | J65: Microbial Heterotrophs | K65: 63 | O65: 0 | P65: small reef fish | Q65: 17 | R65: 46 | S65: reef carnivores | T65: 0 | U65: 10000 | W65: #N/A | X65: reef carnivores
A66: =A65+1 -> 65 | B66: gastropods | C66: 0 | D66: 10000 | F66: =VLOOKUP(B66,$J$3:$K$72,2,FALSE) -> #N/A | G66: other inverts | I66: 64 | J66: Macroalgae | K66: 64 | O66: 0 | P66: small reef fish | Q66: 17 | R66: 47 | S66: reef crustacean eaters | T66: 0 | U66: 10000 | W66: #N/A | X66: reef carnivores, reef crustacean eaters
A67: =A66+1 -> 66 | B67: bivalves | C67: 0 | D67: 10000 | F67: =VLOOKUP(B67,$J$3:$K$72,2,FALSE) -> 53 | G67: other inverts | I67: 65 | J67: Microphytobenthos | K67: 65 | O67: 0 | P67: small reef fish | Q67: 17 | R67: 48 | S67: reef invertivores | T67: 0 | U67: 10000 | W67: #N/A | X67: reef carnivores, reef crustacean eaters, reef invertivores
A68: =A67+1 -> 67 | B68: sessile epibenthos | C68: 0 | D68: 10000 | F68: =VLOOKUP(B68,$J$3:$K$72,2,FALSE) -> 54 | G68: other inverts | I68: 66 | J68: Phytoplankton | K68: 66 | O68: 0 | P68: small reef fish | Q68: 17 | R68: 49 | S68: medium reef omnivores | T68: 0 | U68: 10000 | W68: #N/A | X68: reef carnivores, reef crustacean eaters, reef invertivores, medium reef omnivores
A69: =A68+1 -> 68 | B69: mobile epifauna | C69: 0 | D69: 10000 | F69: =VLOOKUP(B69,$J$3:$K$72,2,FALSE) -> #N/A | G69: micro crustaceans | I69: 67 | J69: Sea grasses | K69: 67 | O69: 0 | P69: small reef fish | Q69: 17 | R69: 50 | S69: small reef omnivores | T69: 0 | U69: 10000 | W69: #N/A | X69: reef carnivores, reef crustacean eaters, reef invertivores, medium reef omnivores, small reef omnivores
A70: =A69+1 -> 69 | B70: small infauna | C70: 0 | D70: 10000 | F70: =VLOOKUP(B70,$J$3:$K$72,2,FALSE) -> 55 | G70: other inverts | I70: 68 | J70: water column detritus | K70: 68 | O70: 0 | P70: demersal fish | Q70: 18 | R70: 53 | S70: offshore demersal carnivores | T70: 0 | U70: 10000 | W70: #N/A | X70: offshore demersal carnivores
A71: =A70+1 -> 70 | B71: meiobenthos | C71: 0 | D71: 10000 | F71: =VLOOKUP(B71,$J$3:$K$72,2,FALSE) -> #N/A | G71: other inverts | I71: 69 | J71: sediment detritus | K71: 69 | O71: 0 | P71: demersal fish | Q71: 18 | R71: 54 | S71: nearshore demersal carnivores | T71: 0 | U71: 10000 | W71: #N/A | X71: offshore demersal carnivores, nearshore demersal carnivores
A72: =A71+1 -> 71 | B72: microbes | C72: 0 | D72: 10000 | F72: =VLOOKUP(B72,$J$3:$K$72,2,FALSE) -> #N/A | G72: other inverts | I72: 70 | J72: dead discards | K72: 70 | O72: 0 | P72: small pelagics | Q72: 19 | R72: 56 | S72: sardine herring scad | T72: 0 | U72: 10000 | W72: #N/A | X72: sardine herring scad
A73: =A72+1 -> 72 | B73: jellyfish | C73: 0 | D73: 10000 | F73: =VLOOKUP(B73,$J$3:$K$72,2,FALSE) -> #N/A | O73: 0 | P73: small pelagics | Q73: 19 | R73: 57 | S73: nearshore small pelagics | T73: 0 | U73: 10000 | W73: #N/A | X73: sardine herring scad, nearshore small pelagics
A74: =A73+1 -> 73 | B74: predatory zooplankton PZ | C74: 0 | D74: 10000 | F74: =VLOOKUP(B74,$J$3:$K$72,2,FALSE) -> #N/A | G74: zooplankton | O74: 0 | P74: macro-crustaceans | Q74: 20 | R74: 61 | S74: shrimp | T74: 0 | U74: 10000 | W74: #N/A | X74: shrimp
A75: =A74+1 -> 74 | B75: herbivorous zooplankton LZ | C75: 0 | D75: 10000 | F75: =VLOOKUP(B75,$J$3:$K$72,2,FALSE) -> #N/A | G75: zooplankton | O75: 0 | P75: other invertebrates | Q75: 22 | R75: 63 | S75: stomatopods | T75: 0 | U75: 10000 | W75: 51 | X75: stomatopods
A76: =A75+1 -> 75 | B76: microzooplankton SZ | C76: 0 | D76: 10000 | F76: =VLOOKUP(B76,$J$3:$K$72,2,FALSE) -> #N/A | G76: zooplankton | O76: 0 | P76: other invertebrates | Q76: 22 | R76: 64 | S76: echinoderms | T76: 0 | U76: 10000 | W76: #N/A | X76: stomatopods, echinoderms
A77: =A76+1 -> 76 | B77: ichthyoplankton | C77: 0 | D77: 10000 | F77: =VLOOKUP(B77,$J$3:$K$72,2,FALSE) -> 61 | O77: 0 | P77: other invertebrates | Q77: 22 | R77: 65 | S77: gastropods | T77: 0 | U77: 10000 | W77: #N/A | X77: stomatopods, echinoderms, gastropods
A78: =A77+1 -> 77 | B78: anthozoans | C78: 0 | D78: 10000 | F78: =VLOOKUP(B78,$J$3:$K$72,2,FALSE) -> #N/A | O78: 0 | P78: other invertebrates | Q78: 22 | R78: 66 | S78: bivalves | T78: 0 | U78: 10000 | W78: 53 | X78: stomatopods, echinoderms, gastropods, bivalves
A79: =A78+1 -> 78 | B79: seagrass | C79: 0 | D79: 10000 | F79: =VLOOKUP(B79,$J$3:$K$72,2,FALSE) -> #N/A | O79: 0 | P79: other invertebrates | Q79: 22 | R79: 67 | S79: sessile epibenthos | T79: 0 | U79: 10000 | W79: 54 | X79: stomatopods, echinoderms, gastropods, bivalves, sessile epibenthos
A80: =A79+1 -> 79 | B80: macroalgae | C80: 0 | D80: 10000 | F80: =VLOOKUP(B80,$J$3:$K$72,2,FALSE) -> 64 | O80: 0 | P80: other invertebrates | Q80: 22 | R80: 69 | S80: small infauna | T80: 0 | U80: 10000 | W80: 55 | X80: stomatopods, echinoderms, gastropods, bivalves, sessile epibenthos, small infauna
A81: =A80+1 -> 80 | B81: large phytoplankton LP | C81: 0 | D81: 10000 | F81: =VLOOKUP(B81,$J$3:$K$72,2,FALSE) -> #N/A | G81: phytoplankton | O81: 0 | P81: other invertebrates | Q81: 22 | R81: 70 | S81: meiobenthos | T81: 0 | U81: 10000 | W81: #N/A | X81: stomatopods, echinoderms, gastropods, bivalves, sessile epibenthos, small infauna, meiobenthos
A82: =A81+1 -> 81 | B82: small phytoplankton SP | C82: 0 | D82: 10000 | F82: =VLOOKUP(B82,$J$3:$K$72,2,FALSE) -> #N/A | G82: phytoplankton | O82: 0 | P82: zooplankton | Q82: 23 | R82: 73 | S82: predatory zooplankton PZ | T82: 0 | U82: 10000 | W82: #N/A | X82: predatory zooplankton PZ
A83: =A82+1 -> 82 | B83: water column detritus | C83: 0 | D83: 10000 | F83: =VLOOKUP(B83,$J$3:$K$72,2,FALSE) -> 68 | G83: detritus | O83: 0 | P83: zooplankton | Q83: 23 | R83: 74 | S83: herbivorous zooplankton LZ | T83: 0 | U83: 10000 | W83: #N/A | X83: predatory zooplankton PZ, herbivorous zooplankton LZ
A84: =A83+1 -> 83 | B84: sediment detritus | C84: 0 | D84: 10000 | F84: =VLOOKUP(B84,$J$3:$K$72,2,FALSE) -> 69 | G84: detritus | O84: 0 | P84: phytoplankton | Q84: 25 | R84: 80 | S84: large phytoplankton LP | T84: 0 | U84: 10000 | W84: #N/A | X84: large phytoplankton LP
A85: 99 | B85: not included | C85: 0 | D85: 10000 | F85: =VLOOKUP(B85,$J$3:$K$72,2,FALSE) -> #N/A | O85: 0 | P85: detritus | Q85: 26 | R85: 82 | S85: water column detritus | T85: 0 | U85: 10000 | W85: 68 | X85: water column detritus

Sheet Sheet1
E3: MICE num | F3: MICE name | G3: WFS-FEM functional groups | L3: Fleet\group | M3: recreational | N3: commercial reef | O3: shrimp fishery | P3: other | Q3: commercial VL gag | R3: commercial LL gag | S3: recreational headboat gag | T3: recreational charter gag | U3: recreational private shore gag | V3: commercial HL red | W3: commercial LL red | X3: commercial trap red | Y3: recreational red
E4: 1 | F4: sharks | G4: pelagic sharks, large demersal sharks | K4: 1 | L4: sharks | M4: 0.01674659 | N4: 0.06538093 | O4: 0.009641051 | P4: 0.02979952
E5: 2 | F5: pelagic piscivores | G5: pelagic piscivores, king mackerel juv, king mackerel adult, Spanish mackerel juv, Spanish mackerel adult, coastal piscivores | K5: 2 | L5: pelagic piscivores | M5: 0.1168813 | N5: 0.009688121 | O5: 0.0005401551 | P5: 0.05622274
E6: 3 | F6: snappers | G6: red snapper 0, red snapper 1-2, red snapper 3+, vermilion snapper, gray snapper, other snapper | K6: 3 | L6: snappers | M6: 0.04138286 | N6: 0.02450651 | O6: 0.000305989 | P6: 1.492829e-06
E7: 4 | F7: gag 0 | G7: gag 0 | K7: 4 | L7: gag 0 | S7: 0.0003018486 | U7: 0.02530658
E8: 5 | F8: gag 1 | G8: gag 1 | K8: 5 | L8: gag 1 | Q8: 0.001218002 | R8: 1.118426e-05 | S8: 0.008553988 | T8: 0.0103777 | U8: 0.03185689
E9: 6 | F9: gag 2 | G9: gag 2 | K9: 6 | L9: gag 2 | Q9: 0.006448403 | R9: 0.0001098072 | S9: 0.02168537 | T9: 0.03145899 | U9: 0.04265808
E10: 7 | F10: gag 3 | G10: gag 3 | K10: 7 | L10: gag 3 | Q10: 0.0148782 | R10: 0.0004877671 | S10: 0.0223279 | T10: 0.03631884 | U10: 0.03345755
E11: 8 | F11: gag 4 | G11: gag 4 | K11: 8 | L11: gag 4 | Q11: 0.05596825 | R11: 0.003600765 | S11: 0.04406751 | T11: 0.07737648 | U11: 0.06069049
E12: 9 | F12: gag 5+ | G12: gag 5+ | K12: 9 | L12: gag 5+ | Q12: 0.09531402 | R12: 0.02016845 | S12: 0.02114886 | T12: 0.03914309 | U12: 0.02123453
E13: 10 | F13: red grouper 0 | G13: red grouper 0 | K13: 10 | L13: red grouper 0 | V13: 7.72469e-07 | W13: 0.0002864641 | Y13: 1.61374e-05
E14: 11 | F14: red grouper 1 | G14: red grouper 1 | K14: 11 | L14: red grouper 1 | V14: 2.662723e-05 | W14: 0.0007960735 | X14: 0.000938223 | Y14: 0.001230682
E15: 12 | F15: red grouper 2 | G15: red grouper 2 | K15: 12 | L15: red grouper 2 | V15: 0.0003444853 | W15: 0.001605299 | X15: 0.003362022 | Y15: 0.01237702
E16: 13 | F16: red grouper 3 | G16: red grouper 3 | K16: 13 | L16: red grouper 3 | V16: 0.003117135 | W16: 0.004308545 | X16: 0.007821109 | Y16: 0.05441364
E17: 14 | F17: red grouper 4 | G17: red grouper 4 | K17: 14 | L17: red grouper 4 | V17: 0.01633303 | W17: 0.01171835 | X17: 0.01233838 | Y17: 0.09303208
E18: 15 | F18: red grouper 5+ | G18: red grouper 5+ | K18: 15 | L18: red grouper 5+ | V18: 0.05673439 | W18: 0.0390414 | X18: 0.01316659 | Y18: 0.05920526
E19: 16 | F19: large reef fish | G19: greater amberjack, black grouper, scamp, goliath grouper, other SWG | K19: 16 | L19: large reef fish | M19: 0.195461 | N19: 0.02581763 | O19: 0.02830131
E20: 17 | F20: small reef fish | G20: reef carnivores, reef crustacean eaters, reef invertivores, medium reef omnivores, small reef omnivores, reef planktivores
E21: 18 | F21: demersal fish | G21: offshore demersal carnivores, nearshore demersal carnivores, demersal omnivores
E22: 19 | F22: small pelagics | G22: sardine herring scad, nearshore small pelagics, offshore small pelagics
E23: 20 | F23: macro-crustaceans | G23: shrimp, large crabs
E24: 21 | F24: micro-crustaceans | G24: mobile epifauna
E25: 22 | F25: other invertebrates | G25: stomatopods, echinoderms, gastropods, bivalves, sessile epibenthos, small infauna, meiobenthos, microbes
E26: 23 | F26: zooplankton | G26: predatory zooplankton PZ, herbivorous zooplankton LZ, microzooplankton SZ
E27: 25 | F27: phytoplankton | G27: large phytoplankton LP, small phytoplankton SP
E28: 26 | F28: detritus | G28: water column detritus, sediment detritus
E29: 0 | F29: omitted | G29: offshore dolphins, coastal dolphins, seabirds, small sharks and rays, cobia, yellowedge grouper, other DWG, blueline tilefish, golden tilefish, lionfish juv, lionfish adult, gray triggerfish, red porgy, hogfish, black sea bass, mullet, squid, jellyfish, ichthyoplankton, anthozoans, seagrass, macroalgae, not included

Sheet spp_stanzas_sizes
A1: sciname | B1: common | C1: spabb | D1: stanzas | E1: fg | F1: age0 | G1: age1 | H1: age2 | I1: age3 | J1: age4 | K1: age5 | L1: age6 | M1: age7 | N1: age8 | O1: age9 | P1: fg_mice
A2: Rachycentron canadum | B2: cobia | C2: COB | D2: 0 | E2: 12 | F2: 6 | G2: 43.2877 | H2: 72.3743 | I2: 91.4856 | J2: 104.043 | K2: 112.293 | L2: 117.714 | M2: 121.276 | N2: 123.616 | O2: 125.154 | P2: 0
A3: Mycteroperca microlepis | B3: gag | C3: GAG | D3: 0-1-2-3-4-5 | E3: 20-21-22-23-24-25 | F3: 10 | G3: 28.2087 | H3: 39.1672 | I3: 48.8155 | J3: 57.3105 | K3: 64.7898 | L3: 71.3749 | M3: 77.1728 | N3: 82.2775 | O3: 86.772 | P3: 4-5-6-7-8-9
A4: Seriola dumerili | B4: greater amberjack | C4: GAJ | D4: 0 | E4: 13 | F4: 10 | G4: 26.3671 | H4: 47.4423 | I4: 64.2606 | J4: 77.6817 | K4: 88.392 | L4: 96.9389 | M4: 103.759 | N4: 109.202 | O4: 113.546 | P4: 0
A5: Lutjanus griseus | B5: gray snapper | C5: GSN | D5: 0 | E5: 18 | F5: 2 | G5: 16.7076 | H5: 21.4189 | I5: 25.6267 | J5: 29.385 | K5: 32.7416 | L5: 35.7397 | M5: 38.4173 | N5: 40.8089 | O5: 42.945 | P5: 0
A6: Balistes capriscus | B6: gray triggerfish | C6: GTF | D6: 0 | E6: 42 | F6: 4 | G6: 30.3735 | H6: 34.1094 | I6: 37.3572 | J6: 40.1807 | K6: 42.6354 | L6: 44.7694 | M6: 46.6246 | N6: 48.2374 | O6: 49.6395 | P6: 0
A7: Scomberomorus cavalla | B7: king mackerel | C7: KMAC | D7: 0-1 | E7: 8-9 | F7: 10 | G7: 36.046 | H7: 58.7304 | I7: 74.1989 | J7: 84.7469 | K7: 91.9396 | L7: 96.8442 | M7: 100.189 | N7: 102.469 | O7: 104.024 | P7: 0
A8: Epinephelus morio | B8: red grouper | C8: REDGRP | D8: 0-1-2-3-4-5 | E8: 26-27-28-29-30-31 | F8: 2 | G8: 5.01618 | H8: 13.5746 | I8: 21.1562 | J8: 27.8724 | K8: 33.8219 | L8: 39.0924 | M8: 43.7612 | N8: 47.8971 | O8: 51.5609 | P8: 10-11-12-13-14-15
A9: Lutjanus campechanus | B9: red snapper | C9: RSN | D9: 0-1-3 | E9: 14-15-16 | F9: 8 | G9: 13.505 | H9: 26.1006 | I9: 36.4968 | J9: 45.0777 | K9: 52.1603 | L9: 58.0062 | M9: 62.8314 | N9: 66.814 | O9: 70.1012 | P9: 0
A10: Mycteroperca phenax | B10: scamp | C10: SCAMP | D10: 0 | E10: 34 | F10: 6 | G10: 18.7859 | H10: 29.0593 | I10: 37.7623 | J10: 45.1348 | K10: 51.3803 | L10: 56.671 | M10: 61.153 | N10: 64.9498 | O10: 68.1662 | P10: 0
A11: Scomberomorus maculatus | B11: spanish mackerel | C11: SMAC | D11: 0-1 | E11: 10-11 | F11: 3 | G11: 24.6953 | H11: 28.3812 | I11: 31.8088 | J11: 34.9962 | K11: 37.9602 | L11: 40.7165 | M11: 43.2796 | N11: 45.6631 | O11: 47.8796 | P11: 0
A12: Lopholatilus chamaeleonticeps | B12: golden tilefish | C12: TLF | D12: 0 | E12: 39 | F12: 4 | G12: 18.8761 | H12: 32.0775 | I12: 40.8978 | J12: 46.791 | K12: 50.7284 | L12: 53.3592 | M12: 55.1169 | N12: 56.2913 | O12: 57.076 | P12: 0
A13: Rhomboplites aurorubens | B13: vermilion snapper | C13: VSN | D13: 0 | E13: 17 | F13: 1.4 | G13: 10.1842 | H13: 17.9647 | I13: 24.8564 | J13: 30.9606 | K13: 36.3675 | L13: 41.1566 | M13: 45.3986 | N13: 49.1559 | O13: 52.4839 | P13: 0
A14: Epinephelus flavolimbatus | B14: yellowedge grouper | C14: YEG | D14: 0 | E14: 33 | F14: 1 | G14: 15.219 | H14: 20.5467 | I14: 24.3946 | J14: 27.1737 | K14: 29.1809 | L14: 30.6306 | M14: 31.6776 | N14: 32.4338 | O14: 32.9799 | P14: 0
A15: Ocyurus chrysurus | B15: yellowtail snapper | C15: YTS | D15: 0 | E15: 99 | F15: 5 | G15: 11.6493 | H15: 17.7883 | I15: 23.4562 | J15: 28.6892 | K15: 33.5206 | L15: 37.9813 | M15: 42.0996 | N15: 45.902 | O15: 49.4126 | P15: 0
C16: NA | D16: NA | F16: 5.70702 | G16: 14.3569 | H16: 20.586 | I16: 25.0718 | J16: 28.3022 | K16: 30.6285 | L16: 32.3038 | M16: 33.5103 | N16: 34.3791 | O16: 35.0047 | P16: 0

Sheet cluster spp
A1: cluster | B1: modnumber | C1: clusname | D1: FBname | E1: sciname | F1: class | G1: family | H1: Genus | I1: Species | J1: M | K1: QB | L1: Lmax | M1: TL | N1: Vul | O1: AR | P1: fish | Q1: benthcrust | R1: detritus | S1: plants | T1: cephalopods | U1: cnidarians | V1: otherinverts | W1: zooplankton | X1: NearOff | Y1: DemPel | Z1: class.1 | AA1: softbottom | AB1: hardbottom | AC1: veg | AD1: coral
A2: 3 | B2: =LOOKUP(A2,'cluster stats'!$B$21:$B$35,'cluster stats'!$A$21:$A$35) -> 4 | C2: =VLOOKUP(A2,'cluster stats'!$A$2:$B$16,2,FALSE) -> pelagic sharks | D2: Gulf smoothhound | E2: Mustelus sinusmexicanus | F2: Chondrichthyes | G2: Triakidae | H2: Mustelus | I2: sinusmexicanus | J2: 0.4859777 | K2: 5.0075481 | L2: 85.617935 | M2: 3.755 | N2: 63.38 | O2: 1.0128385 | P2: 0.10079856 | Q2: 0.77477465 | R2: 0.012256968 | S2: 0 | T2: 0.015142641 | U2: 0 | V2: 0.095912915 | W2: 0.0011142698 | X2: offshore | Y2: pelagic | Z2: Chondrichthyes | AA2: 1 | AB2: 0 | AC2: 0 | AD2: 0
A3: 4 | B3: =LOOKUP(A3,'cluster stats'!$B$21:$B$35,'cluster stats'!$A$21:$A$35) -> 4 | C3: =VLOOKUP(A3,'cluster stats'!$A$2:$B$16,2,FALSE) -> pelagic sharks | D3: Sandbar shark | E3: Carcharhinus plumbeus | F3: Chondrichthyes | G3: Carcharhinidae | H3: Carcharhinus | I3: plumbeus | J3: 0.1575 | K3: 3.5002132 | L3: 183.40606 | M3: 4.34 | N3: 87.51 | O3: 3.178275 | P3: 0.85768577 | Q3: 0.084341765 | R3: 0.0055005502 | S3: 0.00033336668 | T3: 0.046771345 | U3: 0 | V3: 0.0039670634 | W3: 0.00140014 | X3: nearshore | Y3: pelagic | Z3: Chondrichthyes | AA3: 1 | AB3: 0 | AC3: 0 | AD3: 1
A4: 4 | B4: =LOOKUP(A4,'cluster stats'!$B$21:$B$35,'cluster stats'!$A$21:$A$35) -> 4 | C4: =VLOOKUP(A4,'cluster stats'!$A$2:$B$16,2,FALSE) -> pelagic sharks | D4: Tiger shark | E4: Galeocerdo cuvier | F4: Chondrichthyes | G4: Carcharhinidae | H4: Galeocerdo | I4: cuvier | J4: 0.16071429 | K4: 1.0339962 | L4: 747.04676 | M4: 4.53 | N4: 63.83 | O4: 1.385944 | P4: 0.87132141 | Q4: 0.070398152 | R4: 0.024235429 | S4: 0 | T4: 0.027697635 | U4: 0 | V4: 0.0063473747 | W4: 0 | X4: nearshore | Y4: pelagic | Z4: Chondrichthyes | AA4: 0 | AB4: 0 | AC4: 0 | AD4: 1
A5: 4 | B5: =LOOKUP(A5,'cluster stats'!$B$21:$B$35,'cluster stats'!$A$21:$A$35) -> 4 | C5: =VLOOKUP(A5,'cluster stats'!$A$2:$B$16,2,FALSE) -> pelagic sharks | D5: Scalloped hammerhead | E5: Sphyrna lewini | F5: Chondrichthyes | G5: Sphyrnidae | H5: Sphyrna | I5: lewini | J5: 0.19644867 | K5: 1.8266731 | L5: 432.11198 | M5: 4.0966667 | N5: 81.26 | O5: 1.80809 | P5: 0.75723237 | Q5: 0.18977469 | R5: 0 | S5: 0.00099986671 | T5: 0.051659778 | U5: 0 | V5: 0.00033328889 | W5: 0 | X5: nearshore | Y5: pelagic | Z5: Chondrichthyes | AA5: 0 | AB5: 0 | AC5: 0 | AD5: 1
A6: 4 | B6: =LOOKUP(A6,'cluster stats'!$B$21:$B$35,'cluster stats'!$A$21:$A$35) -> 4 | C6: =VLOOKUP(A6,'cluster stats'!$A$2:$B$16,2,FALSE) -> pelagic sharks | D6: Great hammerhead | E6: Sphyrna mokarran | F6: Chondrichthyes | G6: Sphyrnidae | H6: Sphyrna | I6: mokarran | J6: 0.15 | K6: 1.7045037 | L6: 609.59738 | M6: 4.3266667 | N6: 86.03 | O6: 1.85353 | P6: 0.853 | Q6: 0.112 | R6: 0 | S6: 0.002 | T6: 0.033 | U6: 0 | V6: 0 | W6: 0 | X6: nearshore | Y6: pelagic | Z6: Chondrichthyes | AA6: 0 | AB6: 0 | AC6: 0 | AD6: 0
A7: 2 | B7: =LOOKUP(A7,'cluster stats'!$B$21:$B$35,'cluster stats'!$A$21:$A$35) -> 5 | C7: =VLOOKUP(A7,'cluster stats'!$A$2:$B$16,2,FALSE) -> large demersal sharks | D7: Blacknose shark | E7: Carcharhinus acronotus | F7: Chondrichthyes | G7: Carcharhinidae | H7: Carcharhinus | I7: acronotus | J7: 0.73346285 | K7: 3.6548582 | L7: 103.6 | M7: 4.3233333 | N7: 69.76 | O7: 1.82749 | P7: 0.982 | Q7: 0.012000001 | R7: 0 | S7: 0 | T7: 0 | U7: 0 | V7: 0.0060000004 | W7: 0 | X7: offshore | Y7: reef-associated | Z7: Chondrichthyes | AA7: 0 | AB7: 0 | AC7: 0 | AD7: 0
A8: 2 | B8: =LOOKUP(A8,'cluster stats'!$B$21:$B$35,'cluster stats'!$A$21:$A$35) -> 5 | C8: =VLOOKUP(A8,'cluster stats'!$A$2:$B$16,2,FALSE) -> large demersal sharks | D8: Spinner shark | E8: Carcharhinus brevipinna | F8: Chondrichthyes | G8: Carcharhinidae | H8: Carcharhinus | I8: brevipinna | J8: 0.34652701 | K8: 6.319572 | L8: 214 | M8: 4.28 | N8: 62.25 | O8: 5.87939 | P8: 0.911 | Q8: 0.02 | R8: 0 | S8: 0.01 | T8: 0.059000002 | U8: 0 | V8: 0 | W8: 0 | X8: offshore | Y8: reef-associated | Z8: Chondrichthyes | AA8: 0 | AB8: 0 | AC8: 0 | AD8: 0
A9: 2 | B9: =LOOKUP(A9,'cluster stats'!$B$21:$B$35,'cluster stats'!$A$21:$A$35) -> 5 | C9: =VLOOKUP(A9,'cluster stats'!$A$2:$B$16,2,FALSE) -> large demersal sharks | D9: Silky shark | E9: Carcharhinus falciformis | F9: Chondrichthyes | G9: Carcharhinidae | H9: Carcharhinus | I9: falciformis | J9: 0.25935608 | K9: 2.0817524 | L9: 352.87213 | M9: 4.4766667 | N9: 79.03 | O9: 2.02629 | P9: 0.607 | Q9: 0.017 | R9: 0.050999998 | S9: 0 | T9: 0.3095 | U9: 0 | V9: 0.015499999 | W9: 0 | X9: offshore | Y9: reef-associated | Z9: Chondrichthyes | AA9: 0 | AB9: 0 | AC9: 0 | AD9: 0
A10: 2 | B10: =LOOKUP(A10,'cluster stats'!$B$21:$B$35,'cluster stats'!$A$21:$A$35) -> 5 | C10: =VLOOKUP(A10,'cluster stats'!$A$2:$B$16,2,FALSE) -> large demersal sharks | D10: Bull shark | E10: Carcharhinus leucas | F10: Chondrichthyes | G10: Carcharhinidae | H10: Carcharhinus | I10: leucas | J10: 0.21678143 | K10: 2.3837994 | L10: 362.79166 | M10: 4.2866667 | N10: 87.54 | O10: 1.44355 | P10: 0.9231579 | Q10: 0.02736842 | R10: 0 | S10: 0.042105263 | T10: 0.0052631579 | U10: 0 | V10: 0.0021052632 | W10: 0 | X10: nearshore | Y10: reef-associated | Z10: Chondrichthyes | AA10: 0 | AB10: 0 | AC10: 0 | AD10: 0
A11: 2 | B11: =LOOKUP(A11,'cluster stats'!$B$21:$B$35,'cluster stats'!$A$21:$A$35) -> 5 | C11: =VLOOKUP(A11,'cluster stats'!$A$2:$B$16,2,FALSE) -> large demersal sharks | D11: Blacktip shark | E11: Carcharhinus limbatus | F11: Chondrichthyes | G11: Carcharhinidae | H11: Carcharhinus | I11: limbatus | J11: 0.43089197 | K11: 3.5664409 | L11: 176 | M11: 4.3266667 | N11: 55.45 | O11: 2.000455 | P11: 0.95108422 | Q11: 0.01260716 | R11: 0 | S11: 0.00050428643 | T11: 0.034291477 | U11: 0 | V11: 0.0015128593 | W11: 0 | X11: nearshore | Y11: reef-associated | Z11: Chondrichthyes | AA11: 0 | AB11: 0 | AC11: 0 | AD11: 0
A12: 2 | B12: =LOOKUP(A12,'cluster stats'!$B$21:$B$35,'cluster stats'!$A$21:$A$35) -> 5 | C12: =VLOOKUP(A12,'cluster stats'!$A$2:$B$16,2,FALSE) -> large demersal sharks | D12: Nurse shark | E12: Ginglymostoma cirratum | F12: Chondrichthyes | G12: Ginglymostomatidae | H12: Ginglymostoma | I12: cirratum | J12: 0.14401438 | K12: 2.2625714 | L12: 432.11198 | M12: 4.0733333 | N12: 81.38 | O12: 1.65 | P12: 0.38 | Q12: 0.18533333 | R12: 0 | S12: 0 | T12: 0.138 | U12: 0 | V12: 0.29666667 | W12: 0 | X12: nearshore | Y12: reef-associated | Z12: Chondrichthyes | AA12: 1 | AB12: 0 | AC12: 0 | AD12: 1
A13: 1 | B13: =LOOKUP(A13,'cluster stats'!$B$21:$B$35,'cluster stats'!$A$21:$A$35) -> 6 | C13: =VLOOKUP(A13,'cluster stats'!$A$2:$B$16,2,FALSE) -> small sharks and rays | D13: Finetooth shark | E13: Carcharhinus isodon | F13: Chondrichthyes | G13: Carcharhinidae | H13: Carcharhinus | I13: isodon | J13: 0.55900621 | K13: 3.0532243 | L13: 193.42893 | M13: 4.25 | N13: 60.19 | O13: 2.56489 | P13: 0.959 | Q13: 0 | R13: 0 | S13: 0 | T13: 0 | U13: 0 | V13: 0.040999998 | W13: 0 | X13: offshore | Y13: demersal | Z13: Chondrichthyes | AA13: 0 | AB13: 0 | AC13: 0 | AD13: 0
... A80: 7 | B80: =LOOKUP(A80,'cluster stats'!$B$21:$B$35,'cluster stats'!$A$21:$A$35) -> 47 | C80: =VLOOKUP(A80,'cluster stats'!$A$2:$B$16,2,FALSE) -> reef invertivores | D80: Fringed filefish | E80: Monacanthus ciliatus | F80: Teleostei | G80: Monacanthidae | H80: Monacanthus | I80: ciliatus | J80: 1.1981004 | K80: 15.433012 | L80: 21.102972 | M80: 2.8733334 | N80: 27.34 | O80: 1.45086 | P80: 0 | Q80: 0.17366946 | R80: 0 | S80: 0.37444978 | T80: 0 | U80: 0 | V80: 0.081732693 | W80: 0.37014806 | X80: offshore | Y80: reef-associated | Z80: Teleostei | AA80: 0 | AB80: 0 | AC80: 0 | AD80: 0
A81: 7 | B81: =LOOKUP(A81,'cluster stats'!$B$21:$B$35,'cluster stats'!$A$21:$A$35) -> 47 | C81: =VLOOKUP(A81,'cluster stats'!$A$2:$B$16,2,FALSE) -> reef invertivores | D81: Ogcocephalus cubifrons | E81: Ogcocephalus cubifrons | F81: Teleostei | G81: #N/A | H81: Ogcocephalus | I81: cubifrons | J81: 0.79753165 | K81: 7.6319174 | L81: 39.688532 | M81: 3.47 | N81: 57.68 | O81: 1.65 | P81: 0.088000002 | Q81: 0.481 | R81: 0 | S81: 0.111 | T81: 0 | U81: 0 | V81: 0.32 | W81: 0 | X81: offshore | Y81: reef-associated | Z81: Teleostei | AA81: 1 | AB81: 0 | AC81: 0 | AD81: 0
A82: 7 | B82: =LOOKUP(A82,'cluster stats'!$B$21:$B$35,'cluster stats'!$A$21:$A$35) -> 47 | C82: =VLOOKUP(A82,'cluster stats'!$A$2:$B$16,2,FALSE) -> reef invertivores | D82: Gray angelfish | E82: Pomacanthus arcuatus | F82: Teleostei | G82: Pomacanthidae | H82: Pomacanthus | I82: arcuatus | J82: 0.59699652 | K82: 6.5236631 | L82: 62.212642 | M82: 3.0666667 | N82: 51.36 | O82: 2.06313 | P82: 0 | Q82: 0.00033333334 | R82: 0.016333333 | S82: 0.18463333 | T82: 0 | U82: 0.025166667 | V82: 0.72653333 | W82: 0.047000002 | X82: offshore | Y82: reef-associated | Z82: Teleostei | AA82: 0 | AB82: 0 | AC82: 0 | AD82: 1
A83: 7 | B83: =LOOKUP(A83,'cluster stats'!$B$21:$B$35,'cluster stats'!$A$21:$A$35) -> 47 | C83: =VLOOKUP(A83,'cluster stats'!$A$2:$B$16,2,FALSE) -> reef invertivores | D83: Planehead filefish | E83: Stephanolepis hispidus | F83: Teleostei | G83: Monacanthidae | H83: Stephanolepis | I83: hispidus | J83: 0.97904265 | K83: 13.534045 | L83: 28.870035 | M83: 2.53 | N83: 29.59 | O83: 1.26543 | P83: 0 | Q83: 0.02779861 | R83: 0.49287536 | S83: 0.069446531 | T83: 0 | U83: 0 | V83: 0.4098795 | W83: 0 | X83: offshore | Y83: reef-associated | Z83: Teleostei | AA83: 1 | AB83: 0 | AC83: 1 | AD83: 0
A84: 7 | B84: =LOOKUP(A84,'cluster stats'!$B$21:$B$35,'cluster stats'!$A$21:$A$35) -> 47 | C84: =VLOOKUP(A84,'cluster stats'!$A$2:$B$16,2,FALSE) -> reef invertivores | D84: Spottedfin tonguefish | E84: Symphurus diomedeanus | F84: Teleostei | G84: Cynoglossidae | H84: Symphurus | I84: diomedeanus | J84: 1.1278412 | K84: 13.162612 | L84: 23.178118 | M84: 3.29 | N84: 26.82 | O84: 1.65 | P84: 0 | Q84: 0.26 | R84: 0 | S84: 0.19 | T84: 0 | U84: 0 | V84: 0.51 | W84: 0.04 | X84: offshore | Y84: reef-associated | Z84: Teleostei | AA84: 1 | AB84: 0 | AC84: 0 | AD84: 0
A85: 7 | B85: =LOOKUP(A85,'cluster stats'!$B$21:$B$35,'cluster stats'!$A$21:$A$35) -> 47 | C85: =VLOOKUP(A85,'cluster stats'!$A$2:$B$16,2,FALSE) -> reef invertivores | D85: Offshore lizardfish | E85: Synodus poeyi | F85: Teleostei | G85: Synodontidae | H85: Synodus | I85: poeyi | J85: 1.0400324 | K85: 8.511429 | L85: 26.285289 | M85: 4.535 | N85: 18.94 | O85: 1.35076 | P85: 0.025000001 | Q85: 0.013 | R85: 0 | S85: 0 | T85: 0 | U85: 0 | V85: 0.962 | W85: 0 | X85: offshore | Y85: reef-associated | Z85: Teleostei | AA85: 0 | AB85: 0 | AC85: 0 | AD85: 0
A86: 7 | B86: =LOOKUP(A86,'cluster stats'!$B$21:$B$35,'cluster stats'!$A$21:$A$35) -> 47 | C86: =VLOOKUP(A86,'cluster stats'!$A$2:$B$16,2,FALSE) -> reef invertivores | D86: Pearly razorfish | E86: Xyrichtys novacula | F86: Teleostei | G86: Labridae | H86: Xyrichtys | I86: novacula | J86: 0.80830035 | K86: 7.3079946 | L86: 39.688532 | M86: 3.445 | N86: 36.27 | O86: 1.37048 | P86: 0.0075 | Q86: 0.1025 | R86: 0.031500001 | S86: 0 | T86: 0 | U86: 0 | V86: 0.842 | W86: 0.0165 | X86: offshore | Y86: reef-associated | Z86: Teleostei | AA86: 1 | AB86: 0 | AC86: 1 | AD86: 1
A87: 5 | B87: =LOOKUP(A87,'cluster stats'!$B$21:$B$35,'cluster stats'!$A$21:$A$35) -> 48 | C87: =VLOOKUP(A87,'cluster stats'!$A$2:$B$16,2,FALSE) -> medium reef omnivores | D87: Sheepshead | E87: Archosargus probatocephalus | F87: Teleostei | G87: Sparidae | H87: Archosargus | I87: probatocephalus | J87: 0.75966799 | K87: 11.850442 | L87: 45.466667 | M87: 3.53 | N87: 36.43 | O87: 1.44066 | P87: 0 | Q87: 0.025000001 | R87: 0 | S87: 0.6425 | T87: 0 | U87: 0 | V87: 0.3052 | W87: 0.0273 | X87: nearshore | Y87: reef-associated | Z87: Teleostei | AA87: 0 | AB87: 1 | AC87: 1 | AD87: 1
A88: 5 | B88: =LOOKUP(A88,'cluster stats'!$B$21:$B$35,'cluster stats'!$A$21:$A$35) -> 48 | C88: =VLOOKUP(A88,'cluster stats'!$A$2:$B$16,2,FALSE) -> medium reef omnivores | D88: Hardhead sea catfish | E88: Ariopsis felis | F88: Teleostei | G88: Ariidae | H88: Ariopsis | I88: felis | J88: 0.54140693 | K88: 5.9269301 | L88: 72.403737 | M88: 3.67 | N88: 56.46 | O88: 1.87561 | P88: 0.15761059 | Q88: 0.37335666 | R88: 0.18845289 | S88: 0.0088977754 | T88: 0 | U88: 0 | V88: 0.24708823 | W88: 0.024593852 | X88: nearshore | Y88: reef-associated | Z88: Teleostei | AA88: 1 | AB88: 0 | AC88: 1 | AD88: 0
A89: 5 | B89: =LOOKUP(A89,'cluster stats'!$B$21:$B$35,'cluster stats'!$A$21:$A$35) -> 48 | C89: =VLOOKUP(A89,'cluster stats'!$A$2:$B$16,2,FALSE) -> medium reef omnivores | D89: Atlantic spadefish | E89: Chaetodipterus faber | F89: Teleostei | G89: Ephippidae | H89: Chaetodipterus | I89: faber | J89: 0.63597826 | K89: 6.7699003 | L89: 93.733025 | M89: 4.3533333 | N89: 36.89 | O89: 3.23259 | P89: 0 | Q89: 0.0096617389 | R89: 0.26356744 | S89: 0.038907002 | T89: 0 | U89: 0.36338542 | V89: 0.21513872 | W89: 0.10933968 | X89: nearshore | Y89: reef-associated | Z89: Teleostei | AA89: 0 | AB89: 0 | AC89: 0 | AD89: 0
A90: 5 | B90: =LOOKUP(A90,'cluster stats'!$B$21:$B$35,'cluster stats'!$A$21:$A$35) -> 48 | C90: =VLOOKUP(A90,'cluster stats'!$A$2:$B$16,2,FALSE) -> medium reef omnivores | D90: Jenny mojarra | E90: Eucinostomus gula | F90: Teleostei | G90: Gerreidae | H90: Eucinostomus | I90: gula | J90: 1.0270554 | K90: 11.780579 | L90: 26.802555 | M90: 2.9933333 | N90: 31.78 | O90: 2.13154 | P90: 0.0091539248 | Q90: 0.37272172 | R90: 0.11914373 | S90: 0.12444444 | T90: 0 | U90: 0.0002038736 | V90: 0.35414883 | W90: 0.020183486 | X90: nearshore | Y90: reef-associated | Z90: Teleostei | AA90: 0 | AB90: 0 | AC90: 1 | AD90: 1
A91: 5 | B91: =LOOKUP(A91,'cluster stats'!$B$21:$B$35,'cluster stats'!$A$21:$A$35) -> 48 | C91: =VLOOKUP(A91,'cluster stats'!$A$2:$B$16,2,FALSE) -> medium reef omnivores | D91: White mullet | E91: Mugil curema | F91: Teleostei | G91: Mugilidae | H91: Mugil | I91: curema | J91: 0.2499745 | K91: 24.725527 | L91: 45.5 | M91: 2.215 | N91: 59.24 | O91: 1.90961 | P91: 0 | Q91: 0.0025 | R91: 0.275 | S91: 0.5 | T91: 0 | U91: 0 | V91: 0 | W91: 0.2225 | X91: nearshore | Y91: reef-associated | Z91: Teleostei | AA91: 1 | AB91: 0 | AC91: 0 | AD91: 1
A92: 5 | B92: =LOOKUP(A92,'cluster stats'!$B$21:$B$35,'cluster stats'!$A$21:$A$35) -> 48 | C92: =VLOOKUP(A92,'cluster stats'!$A$2:$B$16,2,FALSE) -> medium reef omnivores | D92: Southern puffer | E92: Sphoeroides nephelus | F92: Teleostei | G92: Tetraodontidae | H92: Sphoeroides | I92: nephelus | J92: 0.92649176 | K92: 16.150953 | L92: 31.451041 | M92: 2.965 | N92: 24.86 | O92: 1.697195 | P92: 0.0090546601 | Q92: 0.15459378 | R92: 0.5866423 | S92: 0.11483082 | T92: 0 | U92: 0 | V92: 0.13487844 | W92: 0 | X92: nearshore | Y92: reef-associated | Z92: Teleostei | AA92: 0 | AB92: 0 | AC92: 0 | AD92: 0
A93: 5 | B93: =LOOKUP(A93,'cluster stats'!$B$21:$B$35,'cluster stats'!$A$21:$A$35) -> 48 | C93: =VLOOKUP(A93,'cluster stats'!$A$2:$B$16,2,FALSE) -> medium reef omnivores | D93: Bandtail puffer | E93: Sphoeroides spengleri | F93: Teleostei | G93: Tetraodontidae | H93: Sphoeroides | I93: spengleri | J93: 0.92649176 | K93: 8.8722956 | L93: 31.451041 | M93: 3.3166667 | N93: 24.86 | O93: 1.97225 | P93: 0.0074 | Q93: 0.3635 | R93: 0 | S93: 0.092799996 | T93: 0 | U93: 0 | V93: 0.5363 | W93: 0 | X93: nearshore | Y93: reef-associated | Z93: Teleostei | AA93: 0 | AB93: 0 | AC93: 1 | AD93: 0
... A154: 12 | B154: =LOOKUP(A154,'cluster stats'!$B$21:$B$35,'cluster stats'!$A$21:$A$35) -> 56 | C154: =VLOOKUP(A154,'cluster stats'!$A$2:$B$16,2,FALSE) -> nearshore small pelagics | D154: Flathead grey mullet | E154: Mugil cephalus | F154: Teleostei | G154: Mugilidae | H154: Mugil | I154: cephalus | J154: 0.72957578 | K154: 11.474978 | L154: 47.825 | M154: 2.31 | N154: 50.23 | O154: 2.279495 | P154: 0 | Q154: 0.0066667409 | R154: 0.13271259 | S154: 0.19669108 | T154: 0 | U154: 0 | V154: 0.072100802 | W154: 0.5918288 | X154: nearshore | Y154: pelagic | Z154: Teleostei | AA154: 1 | AB154: 1 | AC154: 0 | AD154: 1
A155: 12 | B155: =LOOKUP(A155,'cluster stats'!$B$21:$B$35,'cluster stats'!$A$21:$A$35) -> 56 | C155: =VLOOKUP(A155,'cluster stats'!$A$2:$B$16,2,FALSE) -> nearshore small pelagics | D155: Mugil trichodon | E155: Mugil trichodon | F155: Teleostei | G155: #N/A | H155: Mugil | I155: trichodon | J155: 0.70654145 | K155: 15.494567 | L155: 47.898287 | M155: 2 | N155: 33.32 | O155: 1.91617 | P155: 0 | Q155: 0.0045833588 | R155: 0.20385669 | S155: 0.34834638 | T155: 0 | U155: 0 | V155: 0.036050201 | W155: 0.40716337 | X155: nearshore | Y155: pelagic | Z155: Teleostei | AA155: 0 | AB155: 0 | AC155: 0 | AD155: 0
A156: 12 | B156: =LOOKUP(A156,'cluster stats'!$B$21:$B$35,'cluster stats'!$A$21:$A$35) -> 56 | C156: =VLOOKUP(A156,'cluster stats'!$A$2:$B$16,2,FALSE) -> nearshore small pelagics | D156: Round sardinella | E156: Sardinella aurita | F156: Teleostei | G156: Clupeidae | H156: Sardinella | I156: aurita | J156: 1.0507944 | K156: 9.1395168 | L156: 28.79 | M156: 3.22 | N156: 25.26 | O156: 1.59116 | P156: 0 | Q156: 0 | R156: 0 | S156: 0 | T156: 0 | U156: 0 | V156: 0 | W156: 1 | X156: nearshore | Y156: pelagic | Z156: Teleostei | AA156: 0 | AB156: 0 | AC156: 0 | AD156: 1
A157: 11 | B157: =LOOKUP(A157,'cluster stats'!$B$21:$B$35,'cluster stats'!$A$21:$A$35) -> 57 | C157: =VLOOKUP(A157,'cluster stats'!$A$2:$B$16,2,FALSE) -> offshore small pelagics | D157: Atlantic bumper | E157: Chloroscombrus chrysurus | F157: Teleostei | G157: Carangidae | H157: Chloroscombrus | I157: chrysurus | J157: 0.56745403 | K157: 14.496481 | L157: 67.311309 | M157: 3.4333333 | N157: 27.78 | O157: 3.24179 | P157: 0.0113 | Q157: 0.21715 | R157: 0.60354999 | S157: 0 | T157: 0 | U157: 0 | V157: 0.00075000003 | W157: 0.16725 | X157: nearshore | Y157: pelagic | Z157: Teleostei | AA157: 1 | AB157: 0 | AC157: 0 | AD157: 0
A158: 11 | B158: =LOOKUP(A158,'cluster stats'!$B$21:$B$35,'cluster stats'!$A$21:$A$35) -> 57 | C158: =VLOOKUP(A158,'cluster stats'!$A$2:$B$16,2,FALSE) -> offshore small pelagics | D158: Round scad | E158: Decapterus punctatus | F158: Teleostei | G158: Carangidae | H158: Decapterus | I158: punctatus | J158: 0.92649176 | K158: 12.756919 | L158: 31.451041 | M158: 3.9433333 | N158: 33.63 | O158: 2.68693 | P158: 0 | Q158: 0.4417265 | R158: 0.17781067 | S158: 0 | T158: 0 | U158: 0 | V158: 0.096045763 | W158: 0.28441706 | X158: offshore | Y158: pelagic | Z158: Teleostei | AA158: 0 | AB158: 0 | AC158: 0 | AD158: 1
A159: 11 | B159: =LOOKUP(A159,'cluster stats'!$B$21:$B$35,'cluster stats'!$A$21:$A$35) -> 57 | C159: =VLOOKUP(A159,'cluster stats'!$A$2:$B$16,2,FALSE) -> offshore small pelagics | D159: Rough scad | E159: Trachurus lathami | F159: Teleostei | G159: Carangidae | H159: Trachurus | I159: lathami | J159: 0.77201093 | K159: 15.551016 | L159: 41.743344 | M159: 3.7533333 | N159: 37.06 | O159: 1.85523 | P159: 0 | Q159: 0.38000001 | R159: 0.61999999 | S159: 0 | T159: 0 | U159: 0 | V159: 0 | W159: 0 | X159: offshore | Y159: pelagic | Z159: Teleostei | AA159: 0 | AB159: 0 | AC159: 0 | AD159: 0

Sheet cluster stats
A1: cluster | B1: clusname | C1: M | D1: QB | E1: Lmax | F1: TL | G1: Vul | H1: AR | I1: fish | J1: benthcrust | K1: detritus | L1: plants | M1: cephalopods | N1: cnidarians | O1: otherinverts | P1: zooplankton | Q1: nearshore | R1: offshore | S1: bathypelagic | T1: demersal | U1: pelagic | V1: reef-associated | W1: Chondrichthyes | X1: Teleostei | Y1: softbottom | Z1: hardbottom | AA1: veg | AB1: coral | AC1: nspp
A2: 1 | B2: small sharks and rays | C2: 0.49224822 | D2: 4.86125 | E2: 117.40485 | F2: 3.8585185 | G2: 62.464444 | H2: 1.6782097 | I2: 0.3795355 | J2: 0.41778531 | K2: 0.074780808 | L2: 3.7042902e-05 | M2: 0.015687305 | N2: 0 | O2: 0.10447504 | P2: 0.0076989936 | Q2: 5 | R2: 4 | S2: 0 | T2: 9 | U2: 0 | V2: 0 | W2: 9 | X2: 0 | Y2: 1 | Z2: 0 | AA2: 0 | AB2: 0 | AC2: 9
A3: 2 | B3: large demersal sharks | C3: 0.3275339 | D3: 3.2428281 | E3: 263.5456 | F3: 4.1909524 | G3: 73.177143 | H3: 2.3538821 | I3: 0.69734842 | J3: 0.12809548 | K3: 0.014364108 | L3: 0.0076585035 | M3: 0.078007805 | N3: 0 | O3: 0.074525685 | P3: 0 | Q3: 4 | R3: 3 | S3: 0 | T3: 0 | U3: 0 | V3: 7 | W3: 7 | X3: 0 | Y3: 2 | Z3: 0 | AA3: 1 | AB3: 1 | AC3: 7
A4: 3 | B4: pelagic sharks | C4: 0.4859777 | D4: 5.0075481 | E4: 85.617935 | F4: 3.755 | G4: 63.38 | H4: 1.0128385 | I4: 0.10079856 | J4: 0.77477465 | K4: 0.012256968 | L4: 0 | M4: 0.015142641 | N4: 0 | O4: 0.095912915 | P4: 0.0011142698 | Q4: 0 | R4: 1 | S4: 0 | T4: 0 | U4: 1 | V4: 0 | W4: 1 | X4: 0 | Y4: 1 | Z4: 0 | AA4: 0 | AB4: 0 | AC4: 1
A5: 4 | B5: pelagic sharks | C5: 0.19644393 | D5: 2.0989196 | E5: 437.78252 | F5: 4.1306667 | G5: 76.358 | H5: 1.9751678 | I5: 0.72844791 | J5: 0.15490292 | K5: 0.0062138624 | L5: 0.00066664669 | M5: 0.031825751 | N5: 0 | O5: 0.071929546 | P5: 0.0060133615 | Q5: 5 | R5: 0 | S5: 0 | T5: 0 | U5: 5 | V5: 0 | W5: 5 | X5: 0 | Y5: 1 | Z5: 0 | AA5: 0 | AB5: 3 | AC5: 5
A6: 5 | B6: medium reef omnivores | C6: 0.72386666 | D6: 12.296661 | E6: 49.544009 | F6: 3.2919048 | G6: 38.645714 | H6: 2.037065 | I6: 0.026174168 | J6: 0.18590484 | K6: 0.20468662 | L6: 0.21748286 | M6: 0 | N6: 0.051941327 | O6: 0.25610775 | P6: 0.057702431 | Q6: 7 | R6: 0 | S6: 0 | T6: 0 | U6: 0 | V6: 7 | W6: 0 | X6: 7 | Y6: 2 | Z6: 1 | AA6: 4 | AB6: 3 | AC6: 7
A7: 6 | B7: reef carnivores | C7: 0.60889243 | D7: 6.8747456 | E7: 66.565842 | F7: 3.8669697 | G7: 42.689091 | H7: 1.8511887 | I7: 0.34659048 | J7: 0.34482423 | K7: 0.00024725002 | L7: 0.0011890197 | M7: 0.013416565 | N7: 0 | O7: 0.057525882 | P7: 0.23620657 | Q7: 11 | R7: 0 | S7: 0 | T7: 0 | U7: 0 | V7: 11 | W7: 0 | X7: 11 | Y7: 5 | Z7: 1 | AA7: 2 | AB7: 2 | AC7: 11
A8: 7 | B8: reef invertivores | C8: 0.83737031 | D8: 9.7741913 | E8: 41.37128 | F8: 3.3914194 | G8: 37.568077 | H8: 1.8329472 | I8: 0.025032094 | J8: 0.24424062 | K8: 0.077040203 | L8: 0.087455977 | M8: 0 | N8: 0.0313376 | O8: 0.50300678 | P8: 0.031886732 | Q8: 0 | R8: 26 | S8: 0 | T8: 0 | U8: 0 | V8: 26 | W8: 0 | X8: 26 | Y8: 9 | Z8: 7 | AA8: 10 | AB8: 15 | AC8: 26
A9: 8 | B9: reef planktivores | C9: 1.7261576 | D9: 13.771506 | E9: 13.01437 | F9: 3.4666667 | G9: 15.735 | H9: 1.3209461 | I9: 0 | J9: 0 | K9: 0.00475 | L9: 0 | M9: 0 | N9: 0.0032499999 | O9: 0.00075000003 | P9: 0.99125 | Q9: 0 | R9: 4 | S9: 0 | T9: 0 | U9: 0 | V9: 4 | W9: 0 | X9: 4 | Y9: 2 | Z9: 3 | AA9: 2 | AB9: 1 | AC9: 4
A10: 9 | B10: reef carnivores | C10: 0.76401158 | D10: 7.2471142 | E10: 45.999311 | F10: 3.7494709 | G10: 37.442381 | H10: 1.5839046 | I10: 0.29600873 | J10: 0.49911587 | K10: 0.026548882 | L10: 0.00081178509 | M10: 0.012220783 | N10: 0.0036171717 | O10: 0.069193064 | P10: 0.09248372 | Q10: 0 | R10: 21 | S10: 0 | T10: 0 | U10: 0 | V10: 21 | W10: 0 | X10: 21 | Y10: 7 | Z10: 10 | AA10: 10 | AB10: 12 | AC10: 21
A11: 10 | B11: pelagic piscivores | C11: 0.38113254 | D11: 4.0927165 | E11: 147.73274 | F11: 4.244 | G11: 56.802 | H11: 2.6758512 | I11: 0.78933437 | J11: 0.10095916 | K11: 0.0021202932 | L11: 3.3336112e-05 | M11: 0.018552434 | N11: 0.00046682227 | O11: 0.014724888 | P11: 0.073808688 | Q11: 3 | R11: 2 | S11: 0 | T11: 0 | U11: 5 | V11: 0 | W11: 0 | X11: 5 | Y11: 1 | Z11: 2 | AA11: 2 | AB11: 4 | AC11: 5
A12: 11 | B12: offshore small pelagics | C12: 0.75531891 | D12: 14.268138 | E12: 46.835231 | F12: 3.71 | G12: 32.823333 | H12: 2.59465 | I12: 0.0037666666 | J12: 0.34629217 | K12: 0.46712022 | L12: 0 | M12: 0 | N12: 0 | O12: 0.032265254 | P12: 0.15055569 | Q12: 1 | R12: 2 | S12: 0 | T12: 0 | U12: 3 | V12: 0 | W12: 0 | X12: 3 | Y12: 1 | Z12: 0 | AA12: 0 | AB12: 1 | AC12: 3
A13: 12 | B13: nearshore small pelagics | C13: 1.2849832 | D13: 18.701866 | E13: 31.352628 | F13: 3.0481818 | G13: 24.243636 | H13: 2.1913672 | I13: 0.022296351 | J13: 0.26208892 | K13: 0.034233795 | L13: 0.16160924 | M13: 0.00018181819 | N13: 0 | O13: 0.042626146 | P13: 0.47696372 | Q13: 10 | R13: 1 | S13: 0 | T13: 0 | U13: 11 | V13: 0 | W13: 0 | X13: 11 | Y13: 2 | Z13: 1 | AA13: 2 | AB13: 2 | AC13: 11
... A16: 15 | B16: nearshore demersal carnivores | C16: 1.1429597 | D16: 8.9089624 | E16: 44.258078 | F16: 3.4351449 | G16: 36.192609 | H16: 1.594878 | I16: 0.077328005 | J16: 0.47421811 | K16: 0.069714128 | L16: 0.060817234 | M16: 0.0034492753 | N16: 0.0031394973 | O16: 0.18674787 | P16: 0.12458588 | Q16: 23 | R16: 0 | S16: 0 | T16: 23 | U16: 0 | V16: 0 | W16: 0 | X16: 23 | Y16: 10 | Z16: 2 | AA16: 6 | AB16: 2 | AC16: 23
A20: mod number | B20: cluster number | C20: clusname | D20: mod number | I20: number | J20: name | K20: number
A21: =VLOOKUP(C21,$J$21:$K$103,2,FALSE) -> 6 | B21: 1 | C21: small sharks and rays | I21: 1 | J21: offshore dolphins | K21: 1
A22: =VLOOKUP(C22,$J$21:$K$103,2,FALSE) -> 5 | B22: 2 | C22: large demersal sharks | I22: 2 | J22: coastal dolphins | K22: 2
A23: =VLOOKUP(C23,$J$21:$K$103,2,FALSE) -> 4 | B23: 3 | C23: pelagic sharks | I23: 3 | J23: seabirds | K23: 3
A24: =VLOOKUP(C24,$J$21:$K$103,2,FALSE) -> 4 | B24: 4 | C24: pelagic sharks | I24: 4 | J24: pelagic sharks | K24: 4
A25: =VLOOKUP(C25,$J$21:$K$103,2,FALSE) -> 48 | B25: 5 | C25: medium reef omnivores | I25: 5 | J25: large demersal sharks | K25: 5
A26: =VLOOKUP(C26,$J$21:$K$103,2,FALSE) -> 45 | B26: 6 | C26: reef carnivores | I26: 6 | J26: small sharks and rays | K26: 6
A27: =VLOOKUP(C27,$J$21:$K$103,2,FALSE) -> 47 | B27: 7 | C27: reef invertivores | I27: 7 | J27: pelagic piscivores | K27: 7
A28: =VLOOKUP(C28,$J$21:$K$103,2,FALSE) -> 50 | B28: 8 | C28: reef planktivores | I28: 8 | J28: king mackerel juv | K28: 8
A29: =VLOOKUP(C29,$J$21:$K$103,2,FALSE) -> 45 | B29: 9 | C29: reef carnivores | I29: 9 | J29: king mackerel adult | K29: 9
A30: =VLOOKUP(C30,$J$21:$K$103,2,FALSE) -> 7 | B30: 10 | C30: pelagic piscivores | I30: 10 | J30: Spanish mackerel juv | K30: 10
A31: =VLOOKUP(C31,$J$21:$K$103,2,FALSE) -> 57 | B31: 11 | C31: offshore small pelagics | I31: 11 | J31: Spanish mackerel adult | K31: 11
A32: =VLOOKUP(C32,$J$21:$K$103,2,FALSE) -> 56 | B32: 12 | C32: nearshore small pelagics | I32: 12 | J32: cobia | K32: 12
... A35: =VLOOKUP(C35,$J$21:$K$103,2,FALSE) -> 53 | B35: 15 | C35: nearshore demersal carnivores | I35: 15 | J35: red snapper 1-2 | K35: 15
I36: 16 | J36: red snapper 3+ | K36: 16
I37: 17 | J37: vermilion snapper | K37: 17
I38: 18 | J38: gray snapper | K38: 18
I39: 19 | J39: deep water snapper | K39: 19
I40: 20 | J40: shallow water snapper | K40: 20
I41: 21 | J41: gag 0 | K41: 21
I42: 22 | J42: gag 1 | K42: 22
I43: 23 | J43: gag 2 | K43: 23
I44: 24 | J44: gag 3 | K44: 24
I45: 25 | J45: gag 4 | K45: 25
I46: 26 | J46: gag 5+ | K46: 26
I47: 27 | J47: red grouper 0 | K47: 27
... I103: 83 | J103: sediment detritus | K103: 83
I104: 84 | K104: 84
I105: 85 | K105: 85
